Month_Ending,FY_Start_Date,FY_End_Date,PARTYEAR,Age_Band,FCE,FCEs_With_Procedure,Ordinary_Admission_Episodes,FCE_DAY_CASES,FCE_DAY_WITH_PROCEDURE,FAE,EMERGENCY,Total_Appointments,Attended_Appointments,DNA_Appointments,First_Attendance,Follow_Up_Attendance
31JUL2026,01APR2026,31MAR2027,202604,01. 0 - 4,106590,18830,95198,11392,7022,98182,33812,371062,279489,26649,123392,156065
31JUL2026,01APR2026,31MAR2027,202604,02. 5 - 9,26871,11382,14626,12245,7976,25532,11028,315542,228405,24462,81784,146545
31JUL2026,01APR2026,31MAR2027,202604,03. 10 - 14,27269,11882,15326,11943,7792,25810,11347,374865,275478,26979,91103,184292
31JUL2026,01APR2026,31MAR2027,202604,04. 15,7054,3073,3960,3094,2046,6675,2868,97260,71026,7154,21018,49990
31JUL2026,01APR2026,31MAR2027,202604,05. 16,7189,3199,3907,3282,2183,6657,2526,91249,64639,7900,17881,46737
31JUL2026,01APR2026,31MAR2027,202604,06. 17,7307,2883,4439,2868,1845,6585,2863,86061,62324,7440,18282,44020
31JUL2026,01APR2026,31MAR2027,202604,07. 18,8342,2946,5452,2890,1768,7389,3304,75504,53407,7596,17800,35594
31JUL2026,01APR2026,31MAR2027,202604,08. 19,9275,3093,6521,2754,1736,8239,3655,73094,52846,7189,17872,34964
31JUL2026,01APR2026,31MAR2027,202604,09. 20 - 24,56727,19067,40447,16280,10489,50970,19171,420847,308384,40332,108558,199776
31JUL2026,01APR2026,31MAR2027,202604,10. 25 - 29,83174,28798,61482,21692,14344,76244,23135,654779,490696,52056,167312,323312
31JUL2026,01APR2026,31MAR2027,202604,11. 30 - 34,104214,38039,76218,27996,18480,95846,26289,865799,654979,59356,213856,441003
31JUL2026,01APR2026,31MAR2027,202604,12. 35 - 39,98481,39545,64193,34288,22706,88740,27123,821870,615817,57515,210148,405512
31JUL2026,01APR2026,31MAR2027,202604,13. 40 - 44,82130,36055,45280,36850,24760,72005,25428,671345,498466,48484,180619,317686
31JUL2026,01APR2026,31MAR2027,202604,14. 45 - 49,81163,37632,40995,40168,27130,69794,23980,645425,484823,42742,174633,310042
31JUL2026,01APR2026,31MAR2027,202604,15. 50 - 54,94899,45842,46287,48612,33383,81097,25741,733866,561111,42619,195961,364975
31JUL2026,01APR2026,31MAR2027,202604,16. 55 - 59,124730,60379,60921,63809,43666,105024,31791,923701,716579,46661,241153,475184
31JUL2026,01APR2026,31MAR2027,202604,17. 60 - 64,149967,73175,73108,76859,52971,124964,36160,1050412,828408,45154,268286,559847
31JUL2026,01APR2026,31MAR2027,202604,18. 65 - 69,158590,76805,78129,80461,55752,130199,37282,1041753,834170,37660,260964,572954
31JUL2026,01APR2026,31MAR2027,202604,19. 70 - 74,164434,78674,83948,80486,56635,131602,38703,985771,796547,30855,246466,549870
31JUL2026,01APR2026,31MAR2027,202604,20. 75 - 79,194315,88253,106006,88309,62682,150501,49303,1080563,875873,31859,269024,606669
31JUL2026,01APR2026,31MAR2027,202604,21. 80 - 84,160992,65152,99383,61609,43592,117286,46881,810964,651946,26068,200523,451319
31JUL2026,01APR2026,31MAR2027,202604,22. 85 - 89,107964,35185,78530,29434,20284,70794,37268,467205,368115,18335,114253,253809
31JUL2026,01APR2026,31MAR2027,202604,23. 90+,65586,15980,55490,10096,6813,38666,26734,228836,176992,10034,52870,124101
31JUL2026,01APR2026,31MAR2027,202604,24. unknown,17723,9911,10535,7188,5764,14876,3151,74395,58007,5010,17380,40626
30JUN2026,01APR2026,31MAR2027,202604,01. 0 - 4,104998,27396,94004,10994,9343,96754,34606,380265,288085,26608,127725,160331
30JUN2026,01APR2026,31MAR2027,202604,02. 5 - 9,27527,15936,15183,12344,11081,26199,11617,328564,246135,22736,87392,158663
30JUN2026,01APR2026,31MAR2027,202604,03. 10 - 14,28875,16853,16794,12081,10857,27192,12720,393421,299442,25321,98995,200326
30JUN2026,01APR2026,31MAR2027,202604,04. 15,6856,3928,4104,2752,2486,6451,3091,96825,70261,6795,20790,49447
30JUN2026,01APR2026,31MAR2027,202604,05. 16,5906,3463,3447,2459,2205,5393,2397,89990,62060,7701,17480,44539
30JUN2026,01APR2026,31MAR2027,202604,06. 17,7296,4143,4436,2860,2586,6499,2825,87549,63865,7541,19051,44796
30JUN2026,01APR2026,31MAR2027,202604,07. 18,7735,4080,5076,2659,2400,6868,3150,75996,53827,7482,17751,36067
30JUN2026,01APR2026,31MAR2027,202604,08. 19,9110,4640,6362,2748,2504,8016,3514,73929,53733,7386,18483,35241
30JUN2026,01APR2026,31MAR2027,202604,09. 20 - 24,53864,27854,38223,15641,14374,48430,18370,421966,310061,39972,110158,199872
30JUN2026,01APR2026,31MAR2027,202604,10. 25 - 29,79234,41833,58072,21162,19455,72649,21641,654302,490342,51576,168917,321359
30JUN2026,01APR2026,31MAR2027,202604,11. 30 - 34,101251,55859,73194,28057,25790,92917,25375,860457,651013,58369,216106,434810
30JUN2026,01APR2026,31MAR2027,202604,12. 35 - 39,96040,57840,61918,34122,31607,86617,26740,827676,622112,56882,217416,404577
30JUN2026,01APR2026,31MAR2027,202604,13. 40 - 44,82503,53996,44368,38135,35500,72348,24875,683198,512482,47444,189649,322702
30JUN2026,01APR2026,31MAR2027,202604,14. 45 - 49,81087,55157,40079,41008,38209,69923,23480,659806,500942,42085,184198,316621
30JUN2026,01APR2026,31MAR2027,202604,15. 50 - 54,93967,64827,45660,48307,45098,79974,25351,746569,573940,42051,203328,370430
30JUN2026,01APR2026,31MAR2027,202604,16. 55 - 59,122272,85373,59276,62996,58883,102629,30684,932814,724438,46436,247305,476919
30JUN2026,01APR2026,31MAR2027,202604,17. 60 - 64,145336,101655,70838,74498,69599,120699,34879,1054641,830055,45474,272759,557075
30JUN2026,01APR2026,31MAR2027,202604,18. 65 - 69,153787,106554,76153,77634,72716,125519,36077,1046830,836272,37628,265797,570258
30JUN2026,01APR2026,31MAR2027,202604,19. 70 - 74,159770,107628,82438,77332,72547,127042,37913,992744,801097,30806,250485,550434
30JUN2026,01APR2026,31MAR2027,202604,20. 75 - 79,191654,123155,105920,85734,80382,147329,49107,1095943,886449,32092,275370,610924
30JUN2026,01APR2026,31MAR2027,202604,21. 80 - 84,158165,91841,99221,58944,55208,113909,46611,811820,651125,26480,203397,447630
30JUN2026,01APR2026,31MAR2027,202604,22. 85 - 89,107580,53147,79562,28018,26111,69865,37711,473944,372799,18811,116966,255791
30JUN2026,01APR2026,31MAR2027,202604,23. 90+,66257,26139,56440,9817,9102,39057,27460,232179,179169,10181,54529,124627
30JUN2026,01APR2026,31MAR2027,202604,24. unknown,24029,14444,16050,7979,7398,19664,4560,75473,59337,5240,17644,41692
31MAY2026,01APR2026,31MAR2027,202604,01. 0 - 4,108440,27563,98209,10231,8609,99755,37505,335408,255547,23268,113669,141856
31MAY2026,01APR2026,31MAR2027,202604,02. 5 - 9,26665,14900,15285,11380,10106,25300,11855,285605,213696,19837,75998,137617
31MAY2026,01APR2026,31MAR2027,202604,03. 10 - 14,26578,15757,15476,11102,9981,25056,11687,340617,257765,22143,86967,170678
31MAY2026,01APR2026,31MAR2027,202604,04. 15,6485,3617,3984,2501,2289,6085,3037,84902,62137,6099,18932,43180
31MAY2026,01APR2026,31MAR2027,202604,05. 16,5467,3084,3432,2035,1835,4988,2416,77114,53190,6442,15286,37871
31MAY2026,01APR2026,31MAR2027,202604,06. 17,6766,3834,4169,2597,2363,6036,2677,77329,56973,6355,17022,39930
31MAY2026,01APR2026,31MAR2027,202604,07. 18,7324,3746,5031,2293,2078,6425,3127,66161,47608,6300,16245,31356
31MAY2026,01APR2026,31MAR2027,202604,08. 19,8480,4268,6088,2392,2183,7515,3431,64103,46756,6288,16441,30305
31MAY2026,01APR2026,31MAR2027,202604,09. 20 - 24,52178,27156,37749,14429,13290,47041,18033,376603,279060,34763,99019,179995
31MAY2026,01APR2026,31MAR2027,202604,10. 25 - 29,76788,40932,57083,19705,18207,70446,21141,589331,444279,45617,150885,293319
31MAY2026,01APR2026,31MAR2027,202604,11. 30 - 34,97383,54227,71656,25727,23761,89566,24254,773447,589480,51592,193386,396009
31MAY2026,01APR2026,31MAR2027,202604,12. 35 - 39,90208,54525,59346,30862,28701,81538,24929,738593,558211,50103,191548,366535
31MAY2026,01APR2026,31MAR2027,202604,13. 40 - 44,76871,50528,42461,34410,32110,67482,23803,602658,454549,40922,165497,288923
31MAY2026,01APR2026,31MAR2027,202604,14. 45 - 49,75844,51936,38474,37370,34949,65171,22699,581485,443820,36635,160654,283023
31MAY2026,01APR2026,31MAR2027,202604,15. 50 - 54,88949,62309,43994,44955,42182,75890,24725,666890,515876,37298,180473,335206
31MAY2026,01APR2026,31MAR2027,202604,16. 55 - 59,115267,81303,57449,57818,54350,96622,30087,829076,649201,40745,217972,430984
31MAY2026,01APR2026,31MAR2027,202604,17. 60 - 64,137555,97184,68548,69007,65001,114229,34301,936592,743088,39698,241075,501726
31MAY2026,01APR2026,31MAR2027,202604,18. 65 - 69,143390,100496,73398,69992,66036,116951,35198,922180,740546,32947,232837,507426
31MAY2026,01APR2026,31MAR2027,202604,19. 70 - 74,150239,102714,79591,70648,66683,119520,37197,875841,710759,27373,219882,490620
31MAY2026,01APR2026,31MAR2027,202604,20. 75 - 79,181860,118126,103272,78588,74115,139578,48727,967377,787169,28294,240891,546015
31MAY2026,01APR2026,31MAR2027,202604,21. 80 - 84,148710,87543,95315,53395,50216,106947,45478,712960,575414,23157,177742,397468
31MAY2026,01APR2026,31MAR2027,202604,22. 85 - 89,102715,51790,76748,25967,24362,67287,37256,419402,332266,16520,103029,229123
31MAY2026,01APR2026,31MAR2027,202604,23. 90+,64254,26407,55226,9028,8393,37726,26997,205082,159886,8916,47705,112161
31MAY2026,01APR2026,31MAR2027,202604,24. unknown,23482,13830,16297,7185,6622,19084,4681,66414,52407,4680,15861,36546
30APR2026,01APR2026,31MAR2027,202604,01. 0 - 4,104924,27063,94647,10277,8698,96452,36772,357365,273810,24332,122552,151223
30APR2026,01APR2026,31MAR2027,202604,02. 5 - 9,25409,14760,13939,11470,10258,24184,10763,296963,222023,20601,78278,143664
30APR2026,01APR2026,31MAR2027,202604,03. 10 - 14,26092,15706,14781,11311,10248,24607,10988,350598,266841,22724,87387,179361
30APR2026,01APR2026,31MAR2027,202604,04. 15,6642,3895,3906,2736,2509,6214,2876,92199,69332,6190,20052,49254
30APR2026,01APR2026,31MAR2027,202604,05. 16,6510,3851,3784,2726,2504,5971,2639,88917,66126,6634,18483,47623
30APR2026,01APR2026,31MAR2027,202604,06. 17,6714,3860,4110,2604,2408,6047,2645,82976,61952,6626,18177,43757
30APR2026,01APR2026,31MAR2027,202604,07. 18,7743,4079,5225,2518,2275,6862,3257,72202,52874,6617,17403,35458
30APR2026,01APR2026,31MAR2027,202604,08. 19,8641,4342,6085,2556,2311,7729,3444,69017,50424,6681,17351,33062
30APR2026,01APR2026,31MAR2027,202604,09. 20 - 24,52674,26908,37984,14690,13530,47420,18219,398410,295843,35941,103508,192286
30APR2026,01APR2026,31MAR2027,202604,10. 25 - 29,77063,40388,57227,19836,18269,70644,21289,623831,470555,48190,159537,310960
30APR2026,01APR2026,31MAR2027,202604,11. 30 - 34,96975,53523,70834,26141,24089,89130,24797,822537,626369,54707,205989,420289
30APR2026,01APR2026,31MAR2027,202604,12. 35 - 39,90371,54574,58556,31815,29521,81583,25300,777750,585806,52396,199815,385879
30APR2026,01APR2026,31MAR2027,202604,13. 40 - 44,76648,50266,41811,34837,32567,67405,23528,636539,477938,43281,172279,305527
30APR2026,01APR2026,31MAR2027,202604,14. 45 - 49,75765,52090,37915,37850,35436,65449,22464,615783,467410,38748,167132,300140
30APR2026,01APR2026,31MAR2027,202604,15. 50 - 54,90170,62987,44133,46037,43213,76830,24616,708809,547017,39215,188869,357946
30APR2026,01APR2026,31MAR2027,202604,16. 55 - 59,117214,82500,57692,59522,55838,98397,30195,883673,691427,43048,229204,461976
30APR2026,01APR2026,31MAR2027,202604,17. 60 - 64,140545,99318,69127,71418,67078,116673,34591,1001883,792612,42068,254431,537895
30APR2026,01APR2026,31MAR2027,202604,18. 65 - 69,148071,103637,74548,73523,69337,120518,35589,986816,791883,35016,245367,546292
30APR2026,01APR2026,31MAR2027,202604,19. 70 - 74,154424,105228,81244,73180,69144,122262,37845,934858,756774,28722,230262,526288
30APR2026,01APR2026,31MAR2027,202604,20. 75 - 79,185800,120922,104775,81025,76406,142196,49233,1034630,839926,29628,253075,586607
30APR2026,01APR2026,31MAR2027,202604,21. 80 - 84,151176,88106,97206,53970,50666,107863,46311,753009,606481,23914,183467,422865
30APR2026,01APR2026,31MAR2027,202604,22. 85 - 89,105605,52864,79550,26055,24341,68091,38052,446701,352991,17179,108010,244931
30APR2026,01APR2026,31MAR2027,202604,23. 90+,65003,26308,56028,8975,8363,37864,27263,216724,168712,9267,49296,119396
30APR2026,01APR2026,31MAR2027,202604,24. unknown,23071,13656,15759,7312,6706,18751,4584,73343,56163,4566,16329,39811
31MAR2026,01APR2025,31MAR2026,202513,01. 0 - 4,112640,27397,101622,11018,9059,103685,42179,384494,293097,26395,131988,161079
31MAR2026,01APR2025,31MAR2026,202513,02. 5 - 9,28394,15188,16054,12340,10774,27032,12528,316521,236558,20957,84176,152313
31MAR2026,01APR2025,31MAR2026,202513,03. 10 - 14,27946,16340,15842,12104,10726,26403,11832,377388,288378,22962,96974,191329
31MAR2026,01APR2025,31MAR2026,202513,04. 15,6993,4062,4019,2974,2682,6599,2991,98729,74790,6253,22700,52066
31MAR2026,01APR2025,31MAR2026,202513,05. 16,7072,3963,4257,2815,2518,6414,2887,95368,71343,6729,20779,50549
31MAR2026,01APR2025,31MAR2026,202513,06. 17,7672,4229,4694,2978,2667,6866,2997,88896,66071,7035,20218,45835
31MAR2026,01APR2025,31MAR2026,202513,07. 18,8569,4350,5755,2814,2547,7517,3540,77404,56491,7111,19554,36914
31MAR2026,01APR2025,31MAR2026,202513,08. 19,9330,4588,6523,2807,2500,8213,3683,72745,53345,6953,18773,34546
31MAR2026,01APR2025,31MAR2026,202513,09. 20 - 24,55202,27763,39403,15799,14266,49512,19177,426734,316353,38726,114859,201292
31MAR2026,01APR2025,31MAR2026,202513,10. 25 - 29,80692,41604,58910,21782,19651,73721,22178,662757,498559,51656,174038,324281
31MAR2026,01APR2025,31MAR2026,202513,11. 30 - 34,102770,56079,73954,28816,26094,94023,25884,873424,663272,58898,224557,438391
31MAR2026,01APR2025,31MAR2026,202513,12. 35 - 39,96001,57089,61425,34576,31421,86374,26525,831188,625556,56517,220957,404242
31MAR2026,01APR2025,31MAR2026,202513,13. 40 - 44,82803,53399,44417,38386,35034,72677,24743,687138,515200,47309,191991,322819
31MAR2026,01APR2025,31MAR2026,202513,14. 45 - 49,81644,53849,40852,40792,37187,70238,23623,664094,503146,42035,185482,317292
31MAR2026,01APR2025,31MAR2026,202513,15. 50 - 54,97371,66037,47493,49878,45781,82875,26036,763759,586973,42973,208820,377711
31MAR2026,01APR2025,31MAR2026,202513,16. 55 - 59,124151,84524,60682,63469,58144,104296,31152,948021,737451,46831,252693,484193
31MAR2026,01APR2025,31MAR2026,202513,17. 60 - 64,149613,101921,73281,76332,70031,124222,35998,1070492,843883,45683,277767,565551
31MAR2026,01APR2025,31MAR2026,202513,18. 65 - 69,156038,105323,78288,77750,71512,127028,36653,1053457,842561,38154,268397,573638
31MAR2026,01APR2025,31MAR2026,202513,19. 70 - 74,163139,106990,85417,77722,71633,129327,39340,999686,807626,30994,254400,552743
31MAR2026,01APR2025,31MAR2026,202513,20. 75 - 79,195144,121362,109807,85337,78607,149089,50471,1107375,895915,32402,277369,618070
31MAR2026,01APR2025,31MAR2026,202513,21. 80 - 84,157507,87398,101204,56303,51631,112165,47307,800775,642151,26020,199553,442279
31MAR2026,01APR2025,31MAR2026,202513,22. 85 - 89,109997,51485,82525,27472,24997,70776,38957,480019,377659,18527,116543,260984
31MAR2026,01APR2025,31MAR2026,202513,23. 90+,67917,25237,58392,9525,8624,39174,27871,228949,177323,9958,52773,124499
31MAR2026,01APR2025,31MAR2026,202513,24. unknown,24145,14376,16149,7996,7435,19809,4418,72809,54658,4703,17102,37546
28FEB2026,01APR2025,31MAR2026,202513,01. 0 - 4,102455,25975,92613,9842,8165,94131,37461,345481,264443,23604,118999,145406
28FEB2026,01APR2025,31MAR2026,202513,02. 5 - 9,24671,13898,13487,11184,9877,23404,10203,284459,213310,19066,73829,139413
28FEB2026,01APR2025,31MAR2026,202513,03. 10 - 14,24637,14782,13634,11003,9836,23270,9961,335720,256666,20521,83457,173108
28FEB2026,01APR2025,31MAR2026,202513,04. 15,6279,3848,3473,2806,2536,5941,2502,89069,67028,5757,19881,47113
28FEB2026,01APR2025,31MAR2026,202513,05. 16,6352,3860,3498,2854,2575,5827,2327,85429,63757,6156,17883,45862
28FEB2026,01APR2025,31MAR2026,202513,06. 17,6674,3882,3930,2744,2487,6005,2514,80744,60641,6189,18212,42407
28FEB2026,01APR2025,31MAR2026,202513,07. 18,7457,3882,4959,2498,2240,6564,2972,68489,50323,6200,17086,33204
28FEB2026,01APR2025,31MAR2026,202513,08. 19,8327,4204,5819,2508,2244,7338,3172,65693,48449,6247,17231,31195
28FEB2026,01APR2025,31MAR2026,202513,09. 20 - 24,49502,25753,35128,14374,13096,44553,16339,383642,286377,35000,102371,183823
28FEB2026,01APR2025,31MAR2026,202513,10. 25 - 29,72377,38485,52439,19938,18137,66356,19364,600326,454191,46301,157472,296478
28FEB2026,01APR2025,31MAR2026,202513,11. 30 - 34,91159,51120,65339,25820,23663,83627,22589,785594,600597,52609,201659,398640
28FEB2026,01APR2025,31MAR2026,202513,12. 35 - 39,85978,52040,54689,31289,28608,77643,23275,746206,565482,50604,198642,366482
28FEB2026,01APR2025,31MAR2026,202513,13. 40 - 44,73437,48226,39205,34232,31557,64670,21645,619901,467911,42375,172988,294574
28FEB2026,01APR2025,31MAR2026,202513,14. 45 - 49,73136,50071,35776,37360,34594,63297,20726,597532,455875,37611,167501,288007
28FEB2026,01APR2025,31MAR2026,202513,15. 50 - 54,87814,61006,42594,45220,42017,74762,23148,692759,536333,38454,189337,346551
28FEB2026,01APR2025,31MAR2026,202513,16. 55 - 59,112875,79160,54582,58293,54132,94936,28046,857611,672365,41936,228418,443424
28FEB2026,01APR2025,31MAR2026,202513,17. 60 - 64,136158,95556,66473,69685,64868,112683,32132,967505,769700,40769,250932,518189
28FEB2026,01APR2025,31MAR2026,202513,18. 65 - 69,141961,98227,71488,70473,65622,115307,33508,952108,767515,34295,241618,525367
28FEB2026,01APR2025,31MAR2026,202513,19. 70 - 74,147138,99379,76723,70415,65696,116683,35121,899592,731448,28092,227542,503450
28FEB2026,01APR2025,31MAR2026,202513,20. 75 - 79,176880,113574,98988,77892,72723,134929,45279,997026,812385,29355,248556,563385
28FEB2026,01APR2025,31MAR2026,202513,21. 80 - 84,142525,81859,91589,50936,47303,100911,42313,720450,580719,23707,177482,402951
28FEB2026,01APR2025,31MAR2026,202513,22. 85 - 89,101676,50005,76407,25269,23333,64995,35892,430955,340309,17276,103764,236420
28FEB2026,01APR2025,31MAR2026,202513,23. 90+,63472,24959,54888,8584,7853,36376,26096,207443,160457,9231,46901,113512
28FEB2026,01APR2025,31MAR2026,202513,24. unknown,22023,13446,14486,7537,6958,18160,4100,69674,54300,4192,16648,37642
31JAN2026,01APR2025,31MAR2026,202513,01. 0 - 4,109736,28051,99553,10183,8491,100881,39771,372488,283782,26795,127380,156372
31JAN2026,01APR2025,31MAR2026,202513,02. 5 - 9,25936,14675,14132,11804,10515,24704,10748,305796,229126,21722,77893,151172
31JAN2026,01APR2025,31MAR2026,202513,03. 10 - 14,26706,15551,15384,11322,10184,25199,11462,357323,273460,22544,86452,186912
31JAN2026,01APR2025,31MAR2026,202513,04. 15,6793,3959,4014,2779,2525,6416,2961,94976,72504,6188,20637,51844
31JAN2026,01APR2025,31MAR2026,202513,05. 16,6551,3895,3800,2751,2536,6056,2608,90859,68178,6590,18892,49270
31JAN2026,01APR2025,31MAR2026,202513,06. 17,6889,4050,3985,2904,2626,6272,2583,86053,64379,6780,18735,45619
31JAN2026,01APR2025,31MAR2026,202513,07. 18,8029,4175,5388,2641,2390,7013,3175,74543,54495,6818,18040,36445
31JAN2026,01APR2025,31MAR2026,202513,08. 19,8672,4356,6021,2651,2418,7736,3346,71411,52238,6973,17704,34525
31JAN2026,01APR2025,31MAR2026,202513,09. 20 - 24,52843,27145,37716,15127,13728,47807,17465,412575,306889,38660,107171,199675
31JAN2026,01APR2025,31MAR2026,202513,10. 25 - 29,78599,41386,57520,21079,19313,72560,21129,647371,489063,51999,167341,321658
31JAN2026,01APR2025,31MAR2026,202513,11. 30 - 34,98540,54950,70755,27785,25647,90786,24228,849481,649879,58951,215283,434479
31JAN2026,01APR2025,31MAR2026,202513,12. 35 - 39,91531,55733,58592,32939,30432,83143,24828,806478,611191,56724,210611,400417
31JAN2026,01APR2025,31MAR2026,202513,13. 40 - 44,78947,52280,42501,36446,34045,69639,23499,665054,501289,46984,181882,319238
31JAN2026,01APR2025,31MAR2026,202513,14. 45 - 49,78098,53450,38771,39327,36627,67666,22771,641385,489299,41574,176095,313011
31JAN2026,01APR2025,31MAR2026,202513,15. 50 - 54,94237,65628,46010,48227,45075,80432,25487,746195,575986,43353,200021,375749
31JAN2026,01APR2025,31MAR2026,202513,16. 55 - 59,120400,84550,58471,61929,57932,101508,30798,924298,721270,48127,239991,481020
31JAN2026,01APR2025,31MAR2026,202513,17. 60 - 64,144419,101412,71279,73140,68564,119733,35452,1042374,825342,46578,264738,560302
31JAN2026,01APR2025,31MAR2026,202513,18. 65 - 69,151600,104943,76751,74849,70078,123278,36712,1022906,820427,39080,254651,565498
31JAN2026,01APR2025,31MAR2026,202513,19. 70 - 74,158486,106092,84257,74229,69731,124803,39293,969676,784147,32209,239019,544897
31JAN2026,01APR2025,31MAR2026,202513,20. 75 - 79,190435,121656,107975,82460,77319,144425,50300,1076367,869634,34179,260243,609163
31JAN2026,01APR2025,31MAR2026,202513,21. 80 - 84,154926,88264,101444,53482,50025,108862,47918,776780,618084,28006,185470,432473
31JAN2026,01APR2025,31MAR2026,202513,22. 85 - 89,112825,54285,86273,26552,24604,71332,40766,466178,362673,19958,108469,254154
31JAN2026,01APR2025,31MAR2026,202513,23. 90+,73531,28064,64444,9087,8352,41567,30703,223712,170222,10945,48816,121383
31JAN2026,01APR2025,31MAR2026,202513,24. unknown,22952,13837,15433,7519,6992,18768,4405,73322,57527,4480,17172,40355
31DEC2025,01APR2025,31MAR2026,202513,01. 0 - 4,117137,28617,107789,9348,7767,107296,48668,343170,255966,25822,115443,140472
31DEC2025,01APR2025,31MAR2026,202513,02. 5 - 9,24783,13512,14021,10762,9560,23551,10834,279772,200205,21737,68293,131810
31DEC2025,01APR2025,31MAR2026,202513,03. 10 - 14,23944,14693,12957,10987,9918,22627,9431,333860,247762,22905,79414,168230
31DEC2025,01APR2025,31MAR2026,202513,04. 15,6241,3820,3381,2860,2596,5905,2444,88731,65973,6179,19048,46889
31DEC2025,01APR2025,31MAR2026,202513,05. 16,6309,3950,3454,2855,2631,5780,2266,83818,61952,6229,17578,44354
31DEC2025,01APR2025,31MAR2026,202513,06. 17,6856,3993,4057,2799,2548,6104,2504,81219,60004,6614,17540,42441
31DEC2025,01APR2025,31MAR2026,202513,07. 18,7841,4172,5196,2645,2425,6872,3059,69795,49991,6851,16460,33518
31DEC2025,01APR2025,31MAR2026,202513,08. 19,8646,4411,6065,2581,2327,7623,3322,68293,48882,6908,16822,32053
31DEC2025,01APR2025,31MAR2026,202513,09. 20 - 24,51705,26291,37282,14423,13156,46321,17375,394245,289435,37792,100323,189091
31DEC2025,01APR2025,31MAR2026,202513,10. 25 - 29,74659,38623,55566,19093,17460,68167,20774,618159,461802,50812,155681,306083
31DEC2025,01APR2025,31MAR2026,202513,11. 30 - 34,93526,51368,68690,24836,22822,85517,23838,808577,609471,57751,199062,410352
31DEC2025,01APR2025,31MAR2026,202513,12. 35 - 39,87292,52152,57222,30070,27836,78307,24041,759477,565064,54752,191883,373104
31DEC2025,01APR2025,31MAR2026,202513,13. 40 - 44,74378,48603,40864,33514,31238,64853,22429,617994,457510,44958,165353,292040
31DEC2025,01APR2025,31MAR2026,202513,14. 45 - 49,74587,50434,38141,36446,34086,63648,22023,596146,446946,39572,160395,286455
31DEC2025,01APR2025,31MAR2026,202513,15. 50 - 54,91079,62628,45544,45535,42425,76677,24814,698606,531453,40711,184283,347044
31DEC2025,01APR2025,31MAR2026,202513,16. 55 - 59,115997,80630,58471,57526,53963,96343,30401,864231,666264,44770,220981,445086
31DEC2025,01APR2025,31MAR2026,202513,17. 60 - 64,139509,96142,71412,68097,63757,114111,35247,976232,764416,43377,243554,520689
31DEC2025,01APR2025,31MAR2026,202513,18. 65 - 69,146886,100067,77102,69784,65554,117497,36787,961059,762661,35603,235929,526562
31DEC2025,01APR2025,31MAR2026,202513,19. 70 - 74,154334,101955,85076,69258,65277,119791,39451,913047,731455,29458,221228,510072
31DEC2025,01APR2025,31MAR2026,202513,20. 75 - 79,187059,116629,110955,76104,71579,139329,51578,1017024,814163,30922,242055,571949
31DEC2025,01APR2025,31MAR2026,202513,21. 80 - 84,151003,84359,102118,48885,45782,104618,48191,731927,578063,24931,170619,407369
31DEC2025,01APR2025,31MAR2026,202513,22. 85 - 89,110964,52852,86260,24704,23022,69416,40734,440694,341043,17898,100338,240664
31DEC2025,01APR2025,31MAR2026,202513,23. 90+,70709,27338,62238,8471,7793,39947,29600,210615,160100,9573,45391,114701
31DEC2025,01APR2025,31MAR2026,202513,24. unknown,23685,13839,16558,7127,6639,18795,4786,66596,51200,4033,15510,35690
30NOV2025,01APR2025,31MAR2026,202513,01. 0 - 4,113471,27453,103650,9821,8261,103966,44731,355923,272528,25164,120822,151644
30NOV2025,01APR2025,31MAR2026,202513,02. 5 - 9,25891,14504,14447,11444,10287,24631,11010,300739,225011,21409,75613,149296
30NOV2025,01APR2025,31MAR2026,202513,03. 10 - 14,25967,15404,14786,11181,10155,24519,10894,351746,268968,22265,86526,182331
30NOV2025,01APR2025,31MAR2026,202513,04. 15,6610,3856,3952,2658,2442,6218,2891,91492,68228,6225,20265,47947
30NOV2025,01APR2025,31MAR2026,202513,05. 16,6604,3785,3897,2707,2487,5981,2637,85582,63392,6443,18074,45298
30NOV2025,01APR2025,31MAR2026,202513,06. 17,7200,3995,4562,2638,2403,6409,2927,84104,62886,6932,18536,44325
30NOV2025,01APR2025,31MAR2026,202513,07. 18,7910,3975,5473,2437,2190,6915,3391,68708,49928,6733,16601,33309
30NOV2025,01APR2025,31MAR2026,202513,08. 19,9058,4383,6522,2536,2290,7964,3716,67139,49020,6791,17221,31798
30NOV2025,01APR2025,31MAR2026,202513,09. 20 - 24,51978,26234,37674,14304,13027,46596,17975,391207,291441,37116,103729,187704
30NOV2025,01APR2025,31MAR2026,202513,10. 25 - 29,76314,39965,56246,20068,18381,69686,21054,612931,462920,49357,159265,303641
30NOV2025,01APR2025,31MAR2026,202513,11. 30 - 34,95294,53171,69190,26104,23945,87246,24164,801371,612321,56293,205113,407178
30NOV2025,01APR2025,31MAR2026,202513,12. 35 - 39,89186,53566,57946,31240,28826,80297,24805,762064,576941,54384,199744,377161
30NOV2025,01APR2025,31MAR2026,202513,13. 40 - 44,76256,49697,41701,34555,32177,66736,23057,634004,477806,45168,175058,302718
30NOV2025,01APR2025,31MAR2026,202513,14. 45 - 49,75972,51687,38629,37343,34816,65158,22338,614266,468513,40185,170556,297918
30NOV2025,01APR2025,31MAR2026,202513,15. 50 - 54,91179,63413,44701,46478,43248,77558,24305,719811,556020,41709,194727,361244
30NOV2025,01APR2025,31MAR2026,202513,16. 55 - 59,116033,81615,57117,58916,54935,97386,29175,883735,691949,45122,232424,459473
30NOV2025,01APR2025,31MAR2026,202513,17. 60 - 64,139211,97685,69262,69949,65238,115202,33490,993994,789119,43603,254177,534871
30NOV2025,01APR2025,31MAR2026,202513,18. 65 - 69,146568,101858,74706,71862,67221,118778,34466,977866,787562,36072,245855,541644
30NOV2025,01APR2025,31MAR2026,202513,19. 70 - 74,151908,102721,80157,71751,67025,120110,36567,932248,758742,29152,232993,525681
30NOV2025,01APR2025,31MAR2026,202513,20. 75 - 79,183397,118472,103207,80190,74957,140209,47379,1037460,844446,30555,253449,590927
30NOV2025,01APR2025,31MAR2026,202513,21. 80 - 84,146660,85323,93886,52774,49008,104580,43583,744295,600317,24109,180653,419632
30NOV2025,01APR2025,31MAR2026,202513,22. 85 - 89,105465,52309,78773,26692,24536,68006,37246,449856,355827,17605,106986,248818
30NOV2025,01APR2025,31MAR2026,202513,23. 90+,65510,25811,56679,8831,8062,37994,27442,213876,166063,9274,48165,117889
30NOV2025,01APR2025,31MAR2026,202513,24. unknown,23357,14284,15787,7570,7059,18907,4554,67609,53058,4032,15764,37294
31OCT2025,01APR2025,31MAR2026,202513,01. 0 - 4,113584,28648,102320,11264,9438,104335,40738,383328,292019,26983,128347,163635
31OCT2025,01APR2025,31MAR2026,202513,02. 5 - 9,28184,16410,15136,13048,11730,26744,11289,329799,245325,24112,83405,161821
31OCT2025,01APR2025,31MAR2026,202513,03. 10 - 14,27409,16911,15154,12255,11138,25890,10891,386211,293355,25159,97550,195654
31OCT2025,01APR2025,31MAR2026,202513,04. 15,7058,4285,4001,3057,2801,6642,2925,100218,75905,6731,23245,52635
31OCT2025,01APR2025,31MAR2026,202513,05. 16,6989,4285,3896,3093,2829,6404,2592,93857,69464,7254,19764,49687
31OCT2025,01APR2025,31MAR2026,202513,06. 17,7716,4320,4806,2910,2664,6832,3049,90855,67755,7341,20024,47709
31OCT2025,01APR2025,31MAR2026,202513,07. 18,8732,4389,5960,2772,2523,7586,3665,73945,52958,7479,17850,35090
31OCT2025,01APR2025,31MAR2026,202513,08. 19,9566,4749,6849,2717,2477,8318,3882,72601,52730,7293,18445,34282
31OCT2025,01APR2025,31MAR2026,202513,09. 20 - 24,55472,28125,39832,15640,14234,49660,19395,429189,319032,40516,113054,205970
31OCT2025,01APR2025,31MAR2026,202513,10. 25 - 29,81828,43526,59875,21953,20108,74647,22800,675549,509461,54704,174097,335349
31OCT2025,01APR2025,31MAR2026,202513,11. 30 - 34,103392,57832,74669,28723,26315,94239,26319,886134,676073,61767,224724,451329
31OCT2025,01APR2025,31MAR2026,202513,12. 35 - 39,95957,57872,62049,33908,31184,86247,26852,837901,632623,60072,217721,414885
31OCT2025,01APR2025,31MAR2026,202513,13. 40 - 44,82319,53770,44787,37532,34914,71807,24614,690828,518678,49371,188472,330189
31OCT2025,01APR2025,31MAR2026,202513,14. 45 - 49,81341,55417,40884,40457,37797,69894,23659,665291,505409,44011,181939,323442
31OCT2025,01APR2025,31MAR2026,202513,15. 50 - 54,99712,69173,48278,51434,47768,85086,26402,791343,610095,45810,212794,397275
31OCT2025,01APR2025,31MAR2026,202513,16. 55 - 59,126741,89227,61696,65045,60505,106613,31689,971647,758350,49386,253066,505258
31OCT2025,01APR2025,31MAR2026,202513,17. 60 - 64,151391,106198,74458,76933,71562,125315,35845,1092319,864753,47769,278460,586265
31OCT2025,01APR2025,31MAR2026,202513,18. 65 - 69,157817,109882,78970,78847,73635,128857,36791,1073934,862037,39662,267962,594047
31OCT2025,01APR2025,31MAR2026,202513,19. 70 - 74,165774,112625,86620,79154,74000,131652,39505,1025831,833196,32064,255028,578133
31OCT2025,01APR2025,31MAR2026,202513,20. 75 - 79,199694,129402,110626,89068,83117,153273,50641,1145136,931807,33448,281454,650331
31OCT2025,01APR2025,31MAR2026,202513,21. 80 - 84,160368,93610,101810,58558,54109,114741,47282,818652,660256,26508,199516,460711
31OCT2025,01APR2025,31MAR2026,202513,22. 85 - 89,115322,57601,85482,29840,27442,74580,40106,499112,396044,19187,120121,275911
31OCT2025,01APR2025,31MAR2026,202513,23. 90+,70956,28652,60792,10164,9371,41187,28966,236990,184448,10251,54123,130319
31OCT2025,01APR2025,31MAR2026,202513,24. unknown,25427,15414,17223,8204,7618,20560,5023,74212,58264,4399,17920,40343
30SEP2025,01APR2025,31MAR2026,202513,01. 0 - 4,106144,27160,95439,10705,9079,97516,35760,374037,283358,26924,123585,159739
30SEP2025,01APR2025,31MAR2026,202513,02. 5 - 9,27371,15990,14664,12707,11460,26062,11103,327383,243970,23648,83427,160487
30SEP2025,01APR2025,31MAR2026,202513,03. 10 - 14,26876,16413,15075,11801,10702,25326,11082,366550,276446,24172,90524,185841
30SEP2025,01APR2025,31MAR2026,202513,04. 15,6936,4100,4040,2896,2649,6528,2967,94718,71909,6279,21416,50478
30SEP2025,01APR2025,31MAR2026,202513,05. 16,6462,3865,3648,2814,2578,5902,2507,87781,62971,7300,17678,45282
30SEP2025,01APR2025,31MAR2026,202513,06. 17,7211,4038,4548,2663,2436,6412,2957,87298,64730,7164,19076,45639
30SEP2025,01APR2025,31MAR2026,202513,07. 18,8169,4252,5492,2677,2433,7187,3369,72970,52613,7011,17114,35493
30SEP2025,01APR2025,31MAR2026,202513,08. 19,8778,4478,6163,2615,2399,7793,3487,70810,51585,6930,18085,33499
30SEP2025,01APR2025,31MAR2026,202513,09. 20 - 24,53492,27474,38320,15172,13860,48067,18226,414633,305966,39306,108437,197524
30SEP2025,01APR2025,31MAR2026,202513,10. 25 - 29,79564,42146,58839,20725,19020,72453,22137,654769,492035,52610,170004,322023
30SEP2025,01APR2025,31MAR2026,202513,11. 30 - 34,101299,56605,73831,27468,25255,92271,26099,859780,653333,60398,218209,435115
30SEP2025,01APR2025,31MAR2026,202513,12. 35 - 39,94116,56343,61441,32675,30216,84289,27219,814061,613911,58095,212905,400999
30SEP2025,01APR2025,31MAR2026,202513,13. 40 - 44,81849,53133,44873,36976,34387,71425,25204,676282,507754,48306,186193,321548
30SEP2025,01APR2025,31MAR2026,202513,14. 45 - 49,80192,54584,40573,39619,37070,68796,23589,651827,494684,42933,180479,314183
30SEP2025,01APR2025,31MAR2026,202513,15. 50 - 54,97662,67687,48183,49479,46277,82809,26474,770166,591947,44817,208793,383139
30SEP2025,01APR2025,31MAR2026,202513,16. 55 - 59,122961,86262,60679,62282,58225,103017,31552,941632,731903,47971,247271,484617
30SEP2025,01APR2025,31MAR2026,202513,17. 60 - 64,145229,101894,71977,73252,68525,119965,35175,1052968,828826,46394,268908,559902
30SEP2025,01APR2025,31MAR2026,202513,18. 65 - 69,150493,105247,75756,74737,70186,122397,35510,1030211,823716,37598,257720,565977
30SEP2025,01APR2025,31MAR2026,202513,19. 70 - 74,159461,109023,83236,76225,71645,126376,38079,994169,803722,31040,247405,556288
30SEP2025,01APR2025,31MAR2026,202513,20. 75 - 79,193627,126965,107067,86560,81312,148452,48997,1111539,902129,32109,276822,625285
30SEP2025,01APR2025,31MAR2026,202513,21. 80 - 84,154652,91427,97899,56753,52987,110609,45729,798017,642267,25896,197034,445214
30SEP2025,01APR2025,31MAR2026,202513,22. 85 - 89,110950,56760,81416,29534,27366,72299,38711,487723,385951,18755,118664,267280
30SEP2025,01APR2025,31MAR2026,202513,23. 90+,67881,27822,57991,9890,9085,39485,27893,228834,177629,9864,52522,125100
30SEP2025,01APR2025,31MAR2026,202513,24. unknown,23621,14091,15894,7727,7160,18984,4782,71136,56061,4245,16889,39171
31AUG2025,01APR2025,31MAR2026,202513,01. 0 - 4,99383,26809,89099,10284,8819,91394,29405,322731,244175,23745,106690,137444
31AUG2025,01APR2025,31MAR2026,202513,02. 5 - 9,22839,15085,11658,11181,10218,21780,8345,268777,188606,23385,66689,121858
31AUG2025,01APR2025,31MAR2026,202513,03. 10 - 14,22275,14622,11947,10328,9534,21045,8375,297923,213292,23366,68106,145139
31AUG2025,01APR2025,31MAR2026,202513,04. 15,5678,3547,3088,2590,2372,5355,2163,76134,54608,6203,15681,38920
31AUG2025,01APR2025,31MAR2026,202513,05. 16,6601,4123,3577,3024,2800,6079,2393,76389,54545,6503,14896,39645
31AUG2025,01APR2025,31MAR2026,202513,06. 17,6801,3918,4203,2598,2402,6001,2594,73922,53561,6584,15404,38148
31AUG2025,01APR2025,31MAR2026,202513,07. 18,8008,4268,5352,2656,2427,7072,3209,64563,46488,6280,15170,31314
31AUG2025,01APR2025,31MAR2026,202513,08. 19,8584,4294,6149,2435,2222,7629,3430,62052,45264,6021,15463,29799
31AUG2025,01APR2025,31MAR2026,202513,09. 20 - 24,52668,26764,38604,14064,12899,47194,18432,369241,273998,34339,96266,177719
31AUG2025,01APR2025,31MAR2026,202513,10. 25 - 29,78656,41294,59326,19330,17709,71537,22622,590037,446052,46492,153660,292380
31AUG2025,01APR2025,31MAR2026,202513,11. 30 - 34,97426,53777,72532,24894,22800,88521,26007,767234,583840,53368,194111,389720
31AUG2025,01APR2025,31MAR2026,202513,12. 35 - 39,88239,52576,59023,29216,27051,78959,25880,704484,525611,51128,181452,344150
31AUG2025,01APR2025,31MAR2026,202513,13. 40 - 44,73592,47047,41994,31598,29367,63742,23741,569092,418844,42187,153410,265420
31AUG2025,01APR2025,31MAR2026,202513,14. 45 - 49,72141,47980,38258,33883,31564,61543,22719,545500,405688,36752,147780,257894
31AUG2025,01APR2025,31MAR2026,202513,15. 50 - 54,91619,62293,47222,44397,41409,77309,26659,661824,505361,38208,178247,327098
31AUG2025,01APR2025,31MAR2026,202513,16. 55 - 59,116752,80916,59012,57740,53947,97682,31296,819956,639558,40777,215857,423678
31AUG2025,01APR2025,31MAR2026,202513,17. 60 - 64,138347,96150,70322,68025,63535,114310,35296,922512,732344,38500,238853,493466
31AUG2025,01APR2025,31MAR2026,202513,18. 65 - 69,145089,100186,74708,70381,65859,117905,36030,900265,725587,31834,228841,496718
31AUG2025,01APR2025,31MAR2026,202513,19. 70 - 74,151255,102464,80205,71050,66541,120289,37845,869573,709137,25709,220008,489116
31AUG2025,01APR2025,31MAR2026,202513,20. 75 - 79,185539,119756,105205,80334,75127,142001,49416,974286,795630,27038,243802,551805
31AUG2025,01APR2025,31MAR2026,202513,21. 80 - 84,148302,86727,94888,53414,49583,106578,45198,700851,568542,21844,174924,393604
31AUG2025,01APR2025,31MAR2026,202513,22. 85 - 89,105962,53210,78262,27700,25486,69191,37584,427553,340906,15681,105153,235741
31AUG2025,01APR2025,31MAR2026,202513,23. 90+,64078,26187,54902,9176,8473,37521,26728,203570,159988,8137,47117,112865
31AUG2025,01APR2025,31MAR2026,202513,24. unknown,23223,13916,16121,7102,6532,18652,4679,61836,49423,3470,14610,34813
31JUL2025,01APR2025,31MAR2026,202513,01. 0 - 4,107310,28920,95686,11624,10025,98376,33749,391100,296410,28903,128033,168341
31JUL2025,01APR2025,31MAR2026,202513,02. 5 - 9,27980,17372,14705,13275,11967,26548,10721,340704,248256,26586,86657,161528
31JUL2025,01APR2025,31MAR2026,202513,03. 10 - 14,26376,16746,14528,11848,10842,24874,10472,387030,286092,27766,94031,192018
31JUL2025,01APR2025,31MAR2026,202513,04. 15,6748,4228,3759,2989,2773,6374,2633,97261,71288,7181,20868,50416
31JUL2025,01APR2025,31MAR2026,202513,05. 16,7082,4648,3684,3398,3170,6522,2344,92951,66646,7811,17967,48669
31JUL2025,01APR2025,31MAR2026,202513,06. 17,7499,4252,4623,2876,2665,6612,2858,90439,66164,7927,18952,47205
31JUL2025,01APR2025,31MAR2026,202513,07. 18,8341,4442,5462,2879,2605,7335,3226,75750,54026,7533,17438,36582
31JUL2025,01APR2025,31MAR2026,202513,08. 19,9260,4750,6539,2721,2502,8277,3655,72551,52655,7185,17734,34918
31JUL2025,01APR2025,31MAR2026,202513,09. 20 - 24,56021,28280,40964,15057,13834,50142,19626,429191,316996,41090,110681,206307
31JUL2025,01APR2025,31MAR2026,202513,10. 25 - 29,83285,43641,61895,21390,19656,75672,23900,679964,512252,54400,176968,335262
31JUL2025,01APR2025,31MAR2026,202513,11. 30 - 34,104232,58007,76206,28026,25846,94740,27725,883147,671440,62671,224962,446458
31JUL2025,01APR2025,31MAR2026,202513,12. 35 - 39,95532,57415,62737,32795,30402,85448,27678,829491,622013,59969,214822,407169
31JUL2025,01APR2025,31MAR2026,202513,13. 40 - 44,81538,52699,45644,35894,33482,70906,25813,682805,508107,49585,185101,322993
31JUL2025,01APR2025,31MAR2026,202513,14. 45 - 49,80465,53913,41888,38577,36004,68795,24749,652711,490753,43841,176741,313991
31JUL2025,01APR2025,31MAR2026,202513,15. 50 - 54,100686,69300,50621,50065,46908,85263,28278,786318,601873,45597,210322,391522
31JUL2025,01APR2025,31MAR2026,202513,16. 55 - 59,128593,90077,63417,65176,61118,107975,33293,968351,753054,49275,252508,500507
31JUL2025,01APR2025,31MAR2026,202513,17. 60 - 64,151474,106957,74873,76601,72029,125588,37211,1084574,858104,46510,277531,580536
31JUL2025,01APR2025,31MAR2026,202513,18. 65 - 69,159174,111702,79657,79517,74761,129628,37402,1057923,850467,37588,265182,585253
31JUL2025,01APR2025,31MAR2026,202513,19. 70 - 74,167498,115244,86536,80962,76458,133513,40050,1024216,832496,31120,257061,575406
31JUL2025,01APR2025,31MAR2026,202513,20. 75 - 79,200717,131903,110795,89922,84733,154891,51511,1140798,929794,32535,284042,645714
31JUL2025,01APR2025,31MAR2026,202513,21. 80 - 84,159507,95619,99596,59911,56246,115750,47248,816496,660115,25866,203251,456839
31JUL2025,01APR2025,31MAR2026,202513,22. 85 - 89,114474,58624,83626,30848,28736,74983,39624,497961,395304,18509,122978,272308
31JUL2025,01APR2025,31MAR2026,202513,23. 90+,68059,28144,57828,10231,9445,39971,27857,236298,184679,9970,54841,129831
31JUL2025,01APR2025,31MAR2026,202513,24. unknown,25809,15698,17484,8325,7729,21006,5242,77319,59076,4330,16820,42252
30JUN2025,01APR2025,31MAR2026,202513,01. 0 - 4,102605,27438,91675,10930,9406,94532,32861,375668,286946,27420,124783,162124
30JUN2025,01APR2025,31MAR2026,202513,02. 5 - 9,27335,16627,14553,12782,11578,25928,10819,330735,248616,23396,87218,161323
30JUN2025,01APR2025,31MAR2026,202513,03. 10 - 14,27298,16665,15590,11708,10683,25829,11587,375187,286140,24851,94741,191297
30JUN2025,01APR2025,31MAR2026,202513,04. 15,6307,3806,3720,2587,2400,5943,2730,90783,66024,6670,19549,46460
30JUN2025,01APR2025,31MAR2026,202513,05. 16,5739,3397,3316,2423,2243,5227,2286,85256,59049,7291,16489,42551
30JUN2025,01APR2025,31MAR2026,202513,06. 17,7059,3846,4503,2556,2318,6279,2902,83349,61225,7143,17792,43428
30JUN2025,01APR2025,31MAR2026,202513,07. 18,7383,3856,5029,2354,2178,6465,2994,70089,50074,6974,16080,33993
30JUN2025,01APR2025,31MAR2026,202513,08. 19,8884,4458,6312,2572,2361,7841,3565,69416,50696,6884,17680,33016
30JUN2025,01APR2025,31MAR2026,202513,09. 20 - 24,52929,26911,38572,14357,13265,47508,18175,403738,299197,39201,104887,194308
30JUN2025,01APR2025,31MAR2026,202513,10. 25 - 29,79130,41839,58634,20496,18923,71996,22390,637069,481262,52219,165534,315724
30JUN2025,01APR2025,31MAR2026,202513,11. 30 - 34,99050,54687,72778,26272,24309,90092,26058,829905,632722,59656,212240,420476
30JUN2025,01APR2025,31MAR2026,202513,12. 35 - 39,91391,55052,59376,32015,29754,81811,26398,782260,591253,56482,205645,385600
30JUN2025,01APR2025,31MAR2026,202513,13. 40 - 44,79919,52201,43875,36044,33686,69709,24722,651923,491377,47395,179530,311844
30JUN2025,01APR2025,31MAR2026,202513,14. 45 - 49,77709,52450,39663,38046,35540,66602,23235,625254,476920,41443,172755,304147
30JUN2025,01APR2025,31MAR2026,202513,15. 50 - 54,96891,66976,48326,48565,45453,81906,26585,751567,581200,44143,204061,377130
30JUN2025,01APR2025,31MAR2026,202513,16. 55 - 59,121760,85353,60044,61716,57897,102181,31362,918059,716579,47383,240699,475870
30JUN2025,01APR2025,31MAR2026,202513,17. 60 - 64,143205,101054,71035,72170,67825,118587,34967,1019560,806866,44498,261376,545468
30JUN2025,01APR2025,31MAR2026,202513,18. 65 - 69,151239,105340,77030,74209,69788,122784,36326,991889,797836,36506,250477,547345
30JUN2025,01APR2025,31MAR2026,202513,19. 70 - 74,159580,109107,83835,75745,71451,126664,38666,962438,782607,29676,242888,539704
30JUN2025,01APR2025,31MAR2026,202513,20. 75 - 79,191563,125207,107063,84500,79613,146796,49530,1071653,874444,31373,267537,606881
30JUN2025,01APR2025,31MAR2026,202513,21. 80 - 84,153310,91269,96829,56481,53147,110365,45628,766583,620092,25365,191978,428103
30JUN2025,01APR2025,31MAR2026,202513,22. 85 - 89,109357,55918,80776,28581,26706,71440,38597,469363,372757,18412,115590,257155
30JUN2025,01APR2025,31MAR2026,202513,23. 90+,65921,26978,56447,9474,8750,38304,27111,220693,171933,9798,50998,120929
30JUN2025,01APR2025,31MAR2026,202513,24. unknown,24357,14795,16631,7726,7136,19743,4818,60051,48741,3420,14568,34172
31MAY2025,01APR2025,31MAR2026,202513,01. 0 - 4,108719,28038,97792,10927,9358,100006,36119,358507,275895,25386,120308,155561
31MAY2025,01APR2025,31MAR2026,202513,02. 5 - 9,28666,16710,16094,12572,11338,27084,12044,308951,233541,21711,82118,151352
31MAY2025,01APR2025,31MAR2026,202513,03. 10 - 14,26660,16473,15213,11447,10471,25076,11101,351198,268619,22869,89735,178823
31MAY2025,01APR2025,31MAR2026,202513,04. 15,6263,3702,3792,2471,2273,5849,2727,85507,63306,6153,18993,44308
31MAY2025,01APR2025,31MAR2026,202513,05. 16,5747,3330,3512,2235,2068,5239,2439,79063,55255,6613,15897,39350
31MAY2025,01APR2025,31MAR2026,202513,06. 17,7027,3991,4363,2664,2461,6305,2826,80831,59879,6764,17411,42460
31MAY2025,01APR2025,31MAR2026,202513,07. 18,7615,3839,5287,2328,2130,6648,3168,67316,48898,6488,16161,32735
31MAY2025,01APR2025,31MAR2026,202513,08. 19,9021,4377,6543,2478,2239,7954,3669,65277,48030,6460,16611,31419
31MAY2025,01APR2025,31MAR2026,202513,09. 20 - 24,53938,27354,39577,14361,13151,48335,18648,390644,292825,36793,101959,190855
31MAY2025,01APR2025,31MAR2026,202513,10. 25 - 29,79596,42287,59334,20262,18767,72605,21997,620089,472531,48782,160697,311828
31MAY2025,01APR2025,31MAR2026,202513,11. 30 - 34,98831,55723,72547,26284,24388,90241,25494,806604,619374,56008,203772,415583
31MAY2025,01APR2025,31MAR2026,202513,12. 35 - 39,91424,55510,59890,31534,29433,81960,26105,752540,571472,53218,195930,375534
31MAY2025,01APR2025,31MAR2026,202513,13. 40 - 44,78766,51359,43681,35085,32800,68757,24555,622415,470648,44043,171119,299516
31MAY2025,01APR2025,31MAR2026,202513,14. 45 - 49,77219,52009,39534,37685,35214,66270,23212,596447,456822,38416,164098,292713
31MAY2025,01APR2025,31MAR2026,202513,15. 50 - 54,96636,67290,48189,48447,45606,81964,26611,724021,562742,41388,195278,367440
31MAY2025,01APR2025,31MAR2026,202513,16. 55 - 59,122097,86032,60252,61845,58113,102682,31645,883398,693691,44380,231472,462185
31MAY2025,01APR2025,31MAR2026,202513,17. 60 - 64,143042,100937,70996,72046,67735,118680,35437,983893,782411,42283,250702,531673
31MAY2025,01APR2025,31MAR2026,202513,18. 65 - 69,150960,105544,76929,74031,69806,122617,36442,956637,771781,34628,238479,533258
31MAY2025,01APR2025,31MAR2026,202513,19. 70 - 74,160248,109438,84275,75973,71628,127216,39076,928502,756952,28363,231214,525697
31MAY2025,01APR2025,31MAR2026,202513,20. 75 - 79,192012,125672,107857,84155,79378,147839,50820,1034531,845814,29664,255306,590459
31MAY2025,01APR2025,31MAR2026,202513,21. 80 - 84,154984,91558,99307,55677,52371,110897,47157,738104,598245,24090,182281,415936
31MAY2025,01APR2025,31MAR2026,202513,22. 85 - 89,111042,56144,82885,28157,26292,72178,39678,452620,360510,17457,110122,250367
31MAY2025,01APR2025,31MAR2026,202513,23. 90+,67384,27731,58297,9087,8369,38930,28037,214110,166948,9388,49287,117649
31MAY2025,01APR2025,31MAR2026,202513,24. unknown,24053,14374,16715,7338,6742,19300,4923,53625,44304,2812,12837,31464
30APR2025,01APR2025,31MAR2026,202513,01. 0 - 4,105208,27225,94547,10661,9144,96855,36754,357898,273565,25075,118565,154946
30APR2025,01APR2025,31MAR2026,202513,02. 5 - 9,27068,15915,14765,12303,11105,25698,11106,302059,223873,21919,78076,145735
30APR2025,01APR2025,31MAR2026,202513,03. 10 - 14,25012,15693,13792,11220,10312,23599,9902,341632,259055,22783,84616,174367
30APR2025,01APR2025,31MAR2026,202513,04. 15,6370,3923,3620,2750,2536,5977,2561,86536,64637,6217,18858,45766
30APR2025,01APR2025,31MAR2026,202513,05. 16,6215,3779,3557,2658,2466,5693,2379,85849,64066,6592,18000,46050
30APR2025,01APR2025,31MAR2026,202513,06. 17,6772,3873,4109,2663,2456,6035,2562,81475,60624,6647,17439,43170
30APR2025,01APR2025,31MAR2026,202513,07. 18,7554,3932,5043,2511,2275,6677,2954,69698,51440,6451,16535,34887
30APR2025,01APR2025,31MAR2026,202513,08. 19,8442,4260,5966,2476,2262,7544,3272,67469,49947,6374,16622,33311
30APR2025,01APR2025,31MAR2026,202513,09. 20 - 24,51175,26165,37119,14056,12952,46093,17134,393387,294624,36321,100698,193861
30APR2025,01APR2025,31MAR2026,202513,10. 25 - 29,76321,40176,56685,19636,18086,69662,21458,617988,469525,48177,158836,310611
30APR2025,01APR2025,31MAR2026,202513,11. 30 - 34,95011,52896,69496,25515,23630,86690,24499,803004,614370,55185,200950,413322
30APR2025,01APR2025,31MAR2026,202513,12. 35 - 39,87500,52620,56837,30663,28475,78479,24737,745206,563414,52050,192578,370723
30APR2025,01APR2025,31MAR2026,202513,13. 40 - 44,75135,49085,41378,33757,31619,65689,23334,617267,462846,43621,166303,296418
30APR2025,01APR2025,31MAR2026,202513,14. 45 - 49,73628,49836,37287,36341,33957,63395,21950,589917,447960,37539,159276,288561
30APR2025,01APR2025,31MAR2026,202513,15. 50 - 54,94683,65677,46627,48056,44996,80641,26076,723935,559201,40383,192315,366744
30APR2025,01APR2025,31MAR2026,202513,16. 55 - 59,119438,84181,58302,61136,57366,100484,30637,883723,693053,42658,229378,463512
30APR2025,01APR2025,31MAR2026,202513,17. 60 - 64,140762,98920,70166,70596,66473,116496,34980,984713,782890,40884,250029,532697
30APR2025,01APR2025,31MAR2026,202513,18. 65 - 69,147887,103248,74700,73187,68899,120454,35577,955911,770496,33306,237727,532632
30APR2025,01APR2025,31MAR2026,202513,19. 70 - 74,156452,106530,82224,74228,70140,124092,38392,931747,757415,27715,228676,528566
30APR2025,01APR2025,31MAR2026,202513,20. 75 - 79,186837,121630,105776,81061,76534,142855,49436,1032825,841228,28919,251560,589486
30APR2025,01APR2025,31MAR2026,202513,21. 80 - 84,151606,88603,98133,53473,50297,108021,46477,734258,592747,23277,178243,414370
30APR2025,01APR2025,31MAR2026,202513,22. 85 - 89,109115,54954,82126,26989,25198,70370,39100,451574,357621,17216,108438,249102
30APR2025,01APR2025,31MAR2026,202513,23. 90+,67970,27418,59047,8923,8239,39063,28226,211439,163800,9067,47943,115807
30APR2025,01APR2025,31MAR2026,202513,24. unknown,22860,13756,15666,7194,6687,18430,4675,53187,43401,2797,12803,30593
31MAR2025,01APR2024,31MAR2025,202499,01. 0 - 4,113010,27439,102127,10883,9284,104026,41477,363798,279359,24568,122326,157008
31MAR2025,01APR2024,31MAR2025,202499,02. 5 - 9,29525,15848,16963,12562,11279,27996,12961,305833,229458,20128,80923,148493
31MAR2025,01APR2024,31MAR2025,202499,03. 10 - 14,27801,16256,16239,11562,10566,26180,12062,344097,264075,20692,90217,173798
31MAR2025,01APR2024,31MAR2025,202499,04. 15,6974,4029,4212,2762,2553,6557,3029,86069,65130,5336,20225,44892
31MAR2025,01APR2024,31MAR2025,202499,05. 16,6931,3955,4149,2782,2569,6294,2799,83797,62419,5996,18711,43706
31MAR2025,01APR2024,31MAR2025,202499,06. 17,7152,3857,4486,2666,2443,6308,2809,79842,59338,6382,18132,41206
31MAR2025,01APR2024,31MAR2025,202499,07. 18,8211,4069,5555,2656,2402,7225,3347,69465,50595,6438,17029,33562
31MAR2025,01APR2024,31MAR2025,202499,08. 19,8869,4279,6351,2518,2274,7869,3524,65377,47840,6387,16572,31265
31MAR2025,01APR2024,31MAR2025,202499,09. 20 - 24,54027,26870,39338,14689,13476,48470,18193,394916,293298,36701,103187,190072
31MAR2025,01APR2024,31MAR2025,202499,10. 25 - 29,80289,41515,59442,20847,19259,73164,22467,617212,466861,48448,162061,304685
31MAR2025,01APR2024,31MAR2025,202499,11. 30 - 34,100631,54629,73100,27531,25377,91737,26197,809648,616141,56039,206795,409202
31MAR2025,01APR2024,31MAR2025,202499,12. 35 - 39,91754,54313,59638,32116,29940,82596,26383,753609,567903,52405,200317,367460
31MAR2025,01APR2024,31MAR2025,202499,13. 40 - 44,80062,51576,43587,36475,34188,70291,24632,631323,472811,44153,174804,297840
31MAR2025,01APR2024,31MAR2025,202499,14. 45 - 49,77599,51762,39227,38372,35850,66776,22747,604856,458385,38600,168008,290221
31MAR2025,01APR2024,31MAR2025,202499,15. 50 - 54,98323,66962,48621,49702,46526,83876,26822,739587,568927,41596,200281,368481
31MAR2025,01APR2024,31MAR2025,202499,16. 55 - 59,123973,85664,60743,63230,59312,104574,31372,898453,698923,44465,236177,462539
31MAR2025,01APR2024,31MAR2025,202499,17. 60 - 64,145363,99882,72301,73062,68580,120378,35178,996914,786608,41821,254391,532018
31MAR2025,01APR2024,31MAR2025,202499,18. 65 - 69,151915,103767,77218,74697,70221,123470,35548,967772,774218,34473,242348,531700
31MAR2025,01APR2024,31MAR2025,202499,19. 70 - 74,161073,107303,84546,76527,72066,128011,38734,943552,762631,28319,234508,527957
31MAR2025,01APR2024,31MAR2025,202499,20. 75 - 79,192585,121524,108604,83981,79016,147306,49598,1039403,842638,29332,256202,586297
31MAR2025,01APR2024,31MAR2025,202499,21. 80 - 84,153985,87123,99137,54848,51407,109485,45944,740593,595215,23785,180968,414137
31MAR2025,01APR2024,31MAR2025,202499,22. 85 - 89,111438,52574,84006,27432,25391,71387,39426,452874,356885,16998,109177,247652
31MAR2025,01APR2024,31MAR2025,202499,23. 90+,68678,25114,59759,8919,8110,38891,28122,210765,162465,9256,48060,114387
31MAR2025,01APR2024,31MAR2025,202499,24. unknown,22873,13758,15307,7566,7134,18606,4196,49708,41068,2603,12062,28995
28FEB2025,01APR2024,31MAR2025,202499,01. 0 - 4,101110,26170,90715,10395,8860,93229,36175,348483,266941,24030,115397,151510
28FEB2025,01APR2024,31MAR2025,202499,02. 5 - 9,26600,14871,14633,11967,10784,25335,11205,288640,215375,19883,73748,141564
28FEB2025,01APR2024,31MAR2025,202499,03. 10 - 14,24700,14700,13861,10839,9854,23338,10157,320406,244651,20002,79648,164937
28FEB2025,01APR2024,31MAR2025,202499,04. 15,6223,3694,3538,2685,2471,5870,2541,80903,60771,5316,18288,42468
28FEB2025,01APR2024,31MAR2025,202499,05. 16,6226,3786,3527,2699,2493,5706,2363,79541,59131,5544,17376,41738
28FEB2025,01APR2024,31MAR2025,202499,06. 17,6752,3861,4074,2678,2442,6056,2553,75460,56018,6060,16955,39056
28FEB2025,01APR2024,31MAR2025,202499,07. 18,7483,3824,4984,2499,2264,6615,2887,64370,47275,5901,15855,31417
28FEB2025,01APR2024,31MAR2025,202499,08. 19,7850,3934,5491,2359,2190,7073,2991,61851,45245,5998,15541,29698
28FEB2025,01APR2024,31MAR2025,202499,09. 20 - 24,49778,25255,35760,14018,12915,44963,16363,375017,279248,34880,98503,180694
28FEB2025,01APR2024,31MAR2025,202499,10. 25 - 29,73945,39084,54068,19877,18386,67724,20168,587903,444183,46135,154090,290004
28FEB2025,01APR2024,31MAR2025,202499,11. 30 - 34,91499,50817,65760,25739,23823,83701,23540,762603,580574,53666,196974,383485
28FEB2025,01APR2024,31MAR2025,202499,12. 35 - 39,84178,50564,53929,30249,28091,75703,23660,714408,539326,49883,188800,350383
28FEB2025,01APR2024,31MAR2025,202499,13. 40 - 44,74176,48521,39932,34244,32056,65155,22262,601325,451401,41999,166853,284416
28FEB2025,01APR2024,31MAR2025,202499,14. 45 - 49,71873,48784,35884,35989,33696,62174,20828,576239,436644,36873,158658,277846
28FEB2025,01APR2024,31MAR2025,202499,15. 50 - 54,90585,63330,43786,46799,44007,77695,24047,708061,545465,39595,191348,353928
28FEB2025,01APR2024,31MAR2025,202499,16. 55 - 59,115010,81385,55100,59910,56294,97141,28180,861224,671757,42211,225279,446284
28FEB2025,01APR2024,31MAR2025,202499,17. 60 - 64,135021,95086,65935,69086,64920,112492,32173,953050,753381,39509,242336,510862
28FEB2025,01APR2024,31MAR2025,202499,18. 65 - 69,140330,98367,69622,70708,66649,114745,32156,920916,738550,32255,229719,508664
28FEB2025,01APR2024,31MAR2025,202499,19. 70 - 74,148529,101697,76301,72228,68111,118519,34460,902487,730427,27307,223439,506836
28FEB2025,01APR2024,31MAR2025,202499,20. 75 - 79,177793,115601,98503,79290,74649,136689,45215,990282,802887,27964,243242,559496
28FEB2025,01APR2024,31MAR2025,202499,21. 80 - 84,141206,83095,89262,51944,48797,101094,41369,706126,566401,22685,171084,395217
28FEB2025,01APR2024,31MAR2025,202499,22. 85 - 89,103642,51170,77561,26081,24258,66233,36225,432350,340201,16389,103102,237051
28FEB2025,01APR2024,31MAR2025,202499,23. 90+,64674,25261,56061,8613,7959,36792,26502,203637,156402,8814,45239,111151
28FEB2025,01APR2024,31MAR2025,202499,24. unknown,21553,13167,14271,7282,6818,17543,3923,46339,38565,2405,11953,26599
31JAN2025,01APR2024,31MAR2025,202499,01. 0 - 4,108800,28307,97578,11222,9612,100525,38521,389503,298062,28220,128403,169634
31JAN2025,01APR2024,31MAR2025,202499,02. 5 - 9,28344,15849,15561,12783,11561,26941,11726,323793,242790,23126,80886,161815
31JAN2025,01APR2024,31MAR2025,202499,03. 10 - 14,27138,16169,15296,11842,10807,25621,11220,357791,273717,23188,86426,187221
31JAN2025,01APR2024,31MAR2025,202499,04. 15,6602,3888,3801,2801,2579,6264,2816,91810,69638,6094,20177,49451
31JAN2025,01APR2024,31MAR2025,202499,05. 16,6755,4011,3813,2942,2718,6189,2596,89641,67362,6440,18628,48721
31JAN2025,01APR2024,31MAR2025,202499,06. 17,6958,3948,4196,2762,2559,6311,2657,85436,63774,6858,18284,45472
31JAN2025,01APR2024,31MAR2025,202499,07. 18,7824,4014,5248,2576,2362,6924,3073,73489,53966,6907,17494,36466
31JAN2025,01APR2024,31MAR2025,202499,08. 19,8371,4239,5824,2547,2331,7482,3078,70725,51637,7056,17324,34307
31JAN2025,01APR2024,31MAR2025,202499,09. 20 - 24,52961,27183,38019,14942,13693,48010,17140,419108,311366,40189,108127,203214
31JAN2025,01APR2024,31MAR2025,202499,10. 25 - 29,79106,42181,57486,21620,20040,72561,21195,656243,496672,53131,171944,324695
31JAN2025,01APR2024,31MAR2025,202499,11. 30 - 34,98935,55500,70554,28381,26345,90772,25144,849856,647864,60827,217847,429970
31JAN2025,01APR2024,31MAR2025,202499,12. 35 - 39,91390,55534,58055,33335,31087,82726,25413,798483,604141,56705,209992,394078
31JAN2025,01APR2024,31MAR2025,202499,13. 40 - 44,80049,52502,43106,36943,34513,70481,24262,670115,502992,48360,182780,320134
31JAN2025,01APR2024,31MAR2025,202499,14. 45 - 49,77246,52558,38233,39013,36553,67060,22468,639460,484496,41880,174180,310219
31JAN2025,01APR2024,31MAR2025,202499,15. 50 - 54,99839,69269,48628,51211,48063,85157,26986,786611,604684,45677,209564,395005
31JAN2025,01APR2024,31MAR2025,202499,16. 55 - 59,126202,88722,61233,64969,61127,106553,31949,955247,742592,49528,246678,495753
31JAN2025,01APR2024,31MAR2025,202499,17. 60 - 64,147331,103205,72215,75116,70364,122403,35651,1056354,832941,46751,265384,567380
31JAN2025,01APR2024,31MAR2025,202499,18. 65 - 69,152340,106517,75708,76632,72151,124186,35667,1018545,813772,38511,250407,563215
31JAN2025,01APR2024,31MAR2025,202499,19. 70 - 74,163473,111456,84608,78865,74526,129497,38810,998231,804526,32668,243186,561195
31JAN2025,01APR2024,31MAR2025,202499,20. 75 - 79,195918,127034,109322,86596,81677,149379,50534,1094988,882040,34367,263089,618819
31JAN2025,01APR2024,31MAR2025,202499,21. 80 - 84,159625,91301,103330,56295,52893,111910,47851,779617,619280,27765,184202,434984
31JAN2025,01APR2024,31MAR2025,202499,22. 85 - 89,116828,56859,88555,28273,26364,73964,41481,480377,372788,20733,110808,261928
31JAN2025,01APR2024,31MAR2025,202499,23. 90+,73966,28814,64514,9452,8683,41789,30422,225922,171523,10663,49338,122161
31JAN2025,01APR2024,31MAR2025,202499,24. unknown,23431,13683,16086,7345,6830,18794,4532,51053,41945,3059,13326,28599
31DEC2024,01APR2024,31MAR2025,202499,01. 0 - 4,118736,29066,108885,9851,8236,109463,49878,333821,251173,25730,111328,139798
31DEC2024,01APR2024,31MAR2025,202499,02. 5 - 9,27055,13538,16368,10687,9515,25714,12977,269144,193769,21402,67110,126584
31DEC2024,01APR2024,31MAR2025,202499,03. 10 - 14,23300,14136,13018,10282,9402,22081,9493,302303,226143,21183,74086,151972
31DEC2024,01APR2024,31MAR2025,202499,04. 15,5763,3600,3272,2491,2310,5418,2299,78138,58044,5577,17623,40414
31DEC2024,01APR2024,31MAR2025,202499,05. 16,6118,3768,3413,2705,2501,5631,2260,76316,56538,5960,16372,40143
31DEC2024,01APR2024,31MAR2025,202499,06. 17,6469,3668,3948,2521,2306,5805,2442,71400,52339,6268,15576,36750
31DEC2024,01APR2024,31MAR2025,202499,07. 18,7600,3925,5148,2452,2250,6691,2990,63483,45704,6284,15071,30632
31DEC2024,01APR2024,31MAR2025,202499,08. 19,8108,4026,5772,2336,2139,7234,3071,62130,44743,6561,15372,29365
31DEC2024,01APR2024,31MAR2025,202499,09. 20 - 24,49482,25060,36468,13014,11877,44650,16546,365893,268363,36775,93105,175226
31DEC2024,01APR2024,31MAR2025,202499,10. 25 - 29,73711,38699,55655,18056,16662,67238,20775,573419,426951,49443,146805,280040
31DEC2024,01APR2024,31MAR2025,202499,11. 30 - 34,91880,50703,67754,24126,22396,83786,24193,740320,556951,55263,186381,370465
31DEC2024,01APR2024,31MAR2025,202499,12. 35 - 39,83812,49481,55903,27909,26020,75086,24277,683626,508725,51308,175818,332768
31DEC2024,01APR2024,31MAR2025,202499,13. 40 - 44,72845,46713,41031,31814,29783,63570,23212,568934,419235,42945,153652,265464
31DEC2024,01APR2024,31MAR2025,202499,14. 45 - 49,70651,46873,37161,33490,31343,60467,22046,539999,403199,37373,146505,256572
31DEC2024,01APR2024,31MAR2025,202499,15. 50 - 54,90853,61613,46960,43893,41157,76309,26090,668923,507746,40678,176584,330999
31DEC2024,01APR2024,31MAR2025,202499,16. 55 - 59,115502,79016,59439,56063,52632,96039,31406,813629,625267,42980,208390,416700
31DEC2024,01APR2024,31MAR2025,202499,17. 60 - 64,135541,92756,70663,64878,61035,110814,35276,896509,699787,40191,224793,474839
31DEC2024,01APR2024,31MAR2025,202499,18. 65 - 69,141142,95985,74800,66342,62571,113222,35824,869736,689370,33201,213861,475405
31DEC2024,01APR2024,31MAR2025,202499,19. 70 - 74,151819,100074,84075,67744,63863,118434,39447,855111,683482,27438,208070,475326
31DEC2024,01APR2024,31MAR2025,202499,20. 75 - 79,182031,113990,108658,73373,69230,136361,51144,939594,750970,28539,224458,526429
31DEC2024,01APR2024,31MAR2025,202499,21. 80 - 84,147747,82005,100264,47483,44516,102524,47603,664903,524998,23168,156268,368697
31DEC2024,01APR2024,31MAR2025,202499,22. 85 - 89,110877,52914,86677,24200,22482,69741,41406,412885,319489,16999,94206,225265
31DEC2024,01APR2024,31MAR2025,202499,23. 90+,70864,27272,62814,8050,7450,40126,30187,193496,146807,8742,41709,105082
31DEC2024,01APR2024,31MAR2025,202499,24. unknown,21625,12370,15339,6286,5769,17088,4564,41761,33910,2500,10100,23810
30NOV2024,01APR2024,31MAR2025,202499,01. 0 - 4,123270,29574,112717,10553,8773,113981,52907,379711,292106,27526,129880,162200
30NOV2024,01APR2024,31MAR2025,202499,02. 5 - 9,28451,15673,15955,12496,11198,27065,12144,321717,242168,22913,81942,160163
30NOV2024,01APR2024,31MAR2025,202499,03. 10 - 14,25671,15652,14325,11346,10346,24272,10364,356365,273268,23149,88474,184730
30NOV2024,01APR2024,31MAR2025,202499,04. 15,6296,3832,3552,2744,2519,5930,2539,90632,67582,6405,20144,47421
30NOV2024,01APR2024,31MAR2025,202499,05. 16,6662,4034,3771,2891,2660,6087,2517,86330,64209,6574,18223,45967
30NOV2024,01APR2024,31MAR2025,202499,06. 17,7199,4152,4372,2827,2590,6465,2710,82373,61528,6693,17969,43550
30NOV2024,01APR2024,31MAR2025,202499,07. 18,8123,4113,5500,2623,2374,7143,3314,68154,49530,6777,16605,32922
30NOV2024,01APR2024,31MAR2025,202499,08. 19,8689,4224,6298,2391,2189,7704,3504,66315,48438,6814,16851,31584
30NOV2024,01APR2024,31MAR2025,202499,09. 20 - 24,52907,26814,38747,14160,12989,47251,18112,398880,296566,39704,104886,191662
30NOV2024,01APR2024,31MAR2025,202499,10. 25 - 29,77023,41318,56694,20329,18807,70179,21462,616908,465624,51717,162800,302802
30NOV2024,01APR2024,31MAR2025,202499,11. 30 - 34,96845,54567,70182,26663,24688,87990,25105,799512,609677,58172,206401,403243
30NOV2024,01APR2024,31MAR2025,202499,12. 35 - 39,89274,53998,57571,31703,29454,80060,25226,747692,565356,54928,197200,368126
30NOV2024,01APR2024,31MAR2025,202499,13. 40 - 44,78583,51301,42924,35659,33395,68629,23822,635944,479032,46444,176653,302328
30NOV2024,01APR2024,31MAR2025,202499,14. 45 - 49,76511,51834,38784,37727,35340,65752,22303,606205,461765,40540,167996,293709
30NOV2024,01APR2024,31MAR2025,202499,15. 50 - 54,97438,67723,48138,49300,46308,83112,26410,751220,580535,43744,202865,377583
30NOV2024,01APR2024,31MAR2025,202499,16. 55 - 59,123101,86919,60143,62958,59135,103782,30913,908833,709078,46941,238294,470656
30NOV2024,01APR2024,31MAR2025,202499,17. 60 - 64,143430,101177,70756,72674,68356,119093,34556,999226,790836,43796,255444,535285
30NOV2024,01APR2024,31MAR2025,202499,18. 65 - 69,148420,104544,74297,74123,69824,121321,34475,969107,778953,35727,243146,535710
30NOV2024,01APR2024,31MAR2025,202499,19. 70 - 74,160232,110211,83212,77020,72663,127894,38163,957012,777032,29992,239695,537265
30NOV2024,01APR2024,31MAR2025,202499,20. 75 - 79,189344,124370,105189,84155,79475,145974,48542,1051043,855052,31098,259285,595692
30NOV2024,01APR2024,31MAR2025,202499,21. 80 - 84,149917,88943,95033,54884,51572,108006,44690,741280,596879,24596,181608,415214
30NOV2024,01APR2024,31MAR2025,202499,22. 85 - 89,110200,56062,81880,28320,26420,71661,38851,459446,362957,18085,110300,252627
30NOV2024,01APR2024,31MAR2025,202499,23. 90+,68030,27662,58706,9324,8607,39538,28373,214181,165932,9533,48063,117860
30NOV2024,01APR2024,31MAR2025,202499,24. unknown,22749,13627,15282,7467,6997,18197,4367,48973,40287,2746,11226,29061
31OCT2024,01APR2024,31MAR2025,202499,01. 0 - 4,119191,29157,107861,11330,9599,110593,44973,394300,302988,28649,131881,171062
31OCT2024,01APR2024,31MAR2025,202499,02. 5 - 9,30474,17137,16769,13705,12270,28993,12482,338719,253572,25283,85777,167703
31OCT2024,01APR2024,31MAR2025,202499,03. 10 - 14,27706,16979,15401,12305,11246,26155,11086,379429,289672,25490,96224,193333
31OCT2024,01APR2024,31MAR2025,202499,04. 15,7027,4141,4024,3003,2770,6608,2948,95853,72487,6721,21688,50773
31OCT2024,01APR2024,31MAR2025,202499,05. 16,7151,4394,4037,3114,2881,6560,2708,92157,67884,7366,19312,48560
31OCT2024,01APR2024,31MAR2025,202499,06. 17,7543,4294,4548,2995,2725,6799,2955,86096,63866,7402,19292,44562
31OCT2024,01APR2024,31MAR2025,202499,07. 18,8187,4129,5609,2578,2348,7165,3410,71973,51220,7446,17114,34102
31OCT2024,01APR2024,31MAR2025,202499,08. 19,9198,4462,6651,2547,2301,8092,3677,70678,51115,7429,17623,33488
31OCT2024,01APR2024,31MAR2025,202499,09. 20 - 24,55338,28519,39978,15360,14192,49612,19052,425368,315241,41999,110927,204296
31OCT2024,01APR2024,31MAR2025,202499,10. 25 - 29,82059,44327,60263,21796,20135,74615,23124,665588,500791,55344,173681,327086
31OCT2024,01APR2024,31MAR2025,202499,11. 30 - 34,102989,58688,74332,28657,26556,93992,27251,861662,655075,62675,220312,434734
31OCT2024,01APR2024,31MAR2025,202499,12. 35 - 39,92969,56524,60198,32771,30369,83403,26480,799431,601561,58794,209428,392090
31OCT2024,01APR2024,31MAR2025,202499,13. 40 - 44,81755,53379,45006,36749,34408,71538,25444,674848,503722,49577,184875,318807
31OCT2024,01APR2024,31MAR2025,202499,14. 45 - 49,79678,53732,40489,39189,36503,68701,23689,640343,484010,42879,175361,308587
31OCT2024,01APR2024,31MAR2025,202499,15. 50 - 54,101940,70971,50307,51633,48410,87212,27871,803002,616273,47065,215252,400940
31OCT2024,01APR2024,31MAR2025,202499,16. 55 - 59,129466,90952,63484,65982,61895,109230,33064,972818,755716,49926,252546,503028
31OCT2024,01APR2024,31MAR2025,202499,17. 60 - 64,150636,106565,74154,76482,71848,125510,36522,1072212,845596,47050,272436,573038
31OCT2024,01APR2024,31MAR2025,202499,18. 65 - 69,155047,109052,77065,77982,73401,127164,36121,1037747,830812,38353,258217,572498
31OCT2024,01APR2024,31MAR2025,202499,19. 70 - 74,169072,116275,87687,81385,76871,134758,40027,1030724,832566,32164,254903,577569
31OCT2024,01APR2024,31MAR2025,202499,20. 75 - 79,199993,132078,110420,89573,84439,154878,51097,1135760,919840,33285,279728,640020
31OCT2024,01APR2024,31MAR2025,202499,21. 80 - 84,157436,93743,99112,58324,54867,113968,47028,800387,642709,26537,196045,446604
31OCT2024,01APR2024,31MAR2025,202499,22. 85 - 89,115087,58917,85005,30082,28066,75228,40431,496587,391565,19555,119081,272432
31OCT2024,01APR2024,31MAR2025,202499,23. 90+,70384,28735,60350,10034,9284,41073,29161,231913,179059,10471,52012,127026
31OCT2024,01APR2024,31MAR2025,202499,24. unknown,23755,14483,15932,7823,7354,19288,4466,55517,46292,2970,14856,31434
30SEP2024,01APR2024,31MAR2025,202499,01. 0 - 4,106474,26511,96139,10335,8783,98943,36165,360291,274984,26994,119614,155348
30SEP2024,01APR2024,31MAR2025,202499,02. 5 - 9,29357,16076,16813,12544,11255,27883,12800,318094,238036,23974,81545,156453
30SEP2024,01APR2024,31MAR2025,202499,03. 10 - 14,25907,15281,15224,10683,9722,24481,11357,345661,261809,23804,85710,176056
30SEP2024,01APR2024,31MAR2025,202499,04. 15,6588,3865,3957,2631,2454,6191,2901,88142,67081,6090,19804,47268
30SEP2024,01APR2024,31MAR2025,202499,05. 16,6658,4046,3862,2796,2570,6068,2524,83327,59870,7081,16514,43347
30SEP2024,01APR2024,31MAR2025,202499,06. 17,6957,3853,4360,2597,2370,6209,2757,79965,59112,6923,17280,41820
30SEP2024,01APR2024,31MAR2025,202499,07. 18,7870,4136,5322,2548,2340,6922,3188,67942,48923,6849,15839,33082
30SEP2024,01APR2024,31MAR2025,202499,08. 19,8633,4267,6232,2401,2195,7610,3367,65915,47822,6892,16235,31586
30SEP2024,01APR2024,31MAR2025,202499,09. 20 - 24,52626,27351,38439,14187,13115,47116,18063,394147,290835,39599,102086,188740
30SEP2024,01APR2024,31MAR2025,202499,10. 25 - 29,78853,42488,58881,19972,18421,71557,22300,616595,462393,53088,159900,302479
30SEP2024,01APR2024,31MAR2025,202499,11. 30 - 34,97735,55363,71658,26077,24209,89284,25634,797700,604101,59608,202744,401342
30SEP2024,01APR2024,31MAR2025,202499,12. 35 - 39,88606,53806,58159,30447,28368,79489,25618,741645,556576,56144,193863,362679
30SEP2024,01APR2024,31MAR2025,202499,13. 40 - 44,77894,51027,42869,35025,32746,67997,24157,625558,466143,47271,171767,294349
30SEP2024,01APR2024,31MAR2025,202499,14. 45 - 49,75626,51242,38943,36683,34328,64983,22779,597322,450074,41376,163950,286080
30SEP2024,01APR2024,31MAR2025,202499,15. 50 - 54,95938,66429,48019,47919,44897,81528,26543,740884,565057,44802,197775,367201
30SEP2024,01APR2024,31MAR2025,202499,16. 55 - 59,118564,83444,58815,59749,56199,99564,30430,887218,684553,47064,229034,455416
30SEP2024,01APR2024,31MAR2025,202499,17. 60 - 64,137493,97088,68299,69194,65040,114287,33727,970074,759396,43996,245055,514241
30SEP2024,01APR2024,31MAR2025,202499,18. 65 - 69,142257,99845,71822,70435,66289,116063,34033,940365,748228,35496,232776,515365
30SEP2024,01APR2024,31MAR2025,202499,19. 70 - 74,155272,106648,81482,73790,69743,123504,37721,937616,755063,29603,232237,522747
30SEP2024,01APR2024,31MAR2025,202499,20. 75 - 79,184372,121886,102420,81952,77442,142015,47323,1033491,833973,31264,253752,580167
30SEP2024,01APR2024,31MAR2025,202499,21. 80 - 84,146083,87124,92516,53567,50415,105059,43543,730835,586309,24556,178706,407552
30SEP2024,01APR2024,31MAR2025,202499,22. 85 - 89,107851,55452,79653,28198,26307,70372,37924,455825,359761,18273,109660,250067
30SEP2024,01APR2024,31MAR2025,202499,23. 90+,64823,27041,55691,9132,8424,37875,26913,212204,164402,9478,47979,116403
30SEP2024,01APR2024,31MAR2025,202499,24. unknown,21305,12960,14091,7214,6761,17184,4207,46760,39009,2476,11488,27521
31AUG2024,01APR2024,31MAR2025,202499,01. 0 - 4,100605,27020,89959,10646,9129,93244,29340,340730,259767,26163,110670,149066
31AUG2024,01APR2024,31MAR2025,202499,02. 5 - 9,24773,15851,12886,11887,10711,23635,9336,286741,203230,25991,72622,130537
31AUG2024,01APR2024,31MAR2025,202499,03. 10 - 14,23050,15089,12286,10764,9856,21798,8539,300976,215524,25398,68896,146556
31AUG2024,01APR2024,31MAR2025,202499,04. 15,5801,3708,3213,2588,2405,5498,2184,75919,54301,6432,15439,38843
31AUG2024,01APR2024,31MAR2025,202499,05. 16,6739,4267,3712,3027,2795,6187,2360,77081,55004,6799,14959,40024
31AUG2024,01APR2024,31MAR2025,202499,06. 17,6699,3772,4155,2544,2331,6022,2622,71028,51297,6545,14735,36544
31AUG2024,01APR2024,31MAR2025,202499,07. 18,7877,4195,5228,2649,2431,7056,3148,64740,46481,6511,15105,31371
31AUG2024,01APR2024,31MAR2025,202499,08. 19,8711,4436,6264,2447,2276,7746,3353,62927,45727,6427,15482,30244
31AUG2024,01APR2024,31MAR2025,202499,09. 20 - 24,53986,27583,40012,13974,12840,48306,18884,378273,279431,37349,97482,181933
31AUG2024,01APR2024,31MAR2025,202499,10. 25 - 29,80101,42671,60146,19955,18456,72771,22916,595036,450176,48935,155271,294880
31AUG2024,01APR2024,31MAR2025,202499,11. 30 - 34,97816,55118,72316,25500,23723,89197,26302,763788,580468,56196,193643,386800
31AUG2024,01APR2024,31MAR2025,202499,12. 35 - 39,86543,51955,57587,28956,26951,77292,25429,693645,516616,53463,178890,337699
31AUG2024,01APR2024,31MAR2025,202499,13. 40 - 44,74221,47957,42050,32171,30046,64632,23741,570333,416391,44987,152009,264338
31AUG2024,01APR2024,31MAR2025,202499,14. 45 - 49,72553,48587,38249,34304,32149,62006,22507,545060,402970,39013,146546,256371
31AUG2024,01APR2024,31MAR2025,202499,15. 50 - 54,95132,65578,48556,46576,43578,80591,27081,690042,523557,42112,183971,339529
31AUG2024,01APR2024,31MAR2025,202499,16. 55 - 59,120241,84547,59975,60266,56735,101344,31705,842995,652675,43850,219026,433542
31AUG2024,01APR2024,31MAR2025,202499,17. 60 - 64,138821,98216,68726,70095,65893,116128,35036,924503,728645,40531,236052,492501
31AUG2024,01APR2024,31MAR2025,202499,18. 65 - 69,144769,101956,73320,71449,67369,118502,35105,900862,721410,32939,225630,495672
31AUG2024,01APR2024,31MAR2025,202499,19. 70 - 74,158473,108756,83189,75284,71153,126604,39205,898903,728253,27819,223723,504463
31AUG2024,01APR2024,31MAR2025,202499,20. 75 - 79,188357,123939,105461,82896,78397,145798,49863,990712,804824,28260,245658,559110
31AUG2024,01APR2024,31MAR2025,202499,21. 80 - 84,147371,87722,93402,53969,50794,106358,44588,700469,564162,22872,172804,391310
31AUG2024,01APR2024,31MAR2025,202499,22. 85 - 89,106668,55147,78703,27965,26081,70219,38041,436736,346903,16609,106684,240198
31AUG2024,01APR2024,31MAR2025,202499,23. 90+,63959,26548,54795,9164,8447,37654,26714,205515,160375,8632,46562,113799
31AUG2024,01APR2024,31MAR2025,202499,24. unknown,21177,12904,14333,6844,6425,17167,4293,51761,42852,2840,11600,31252
31JUL2024,01APR2024,31MAR2025,202499,01. 0 - 4,108550,28119,97041,11509,9690,101008,36525,395191,301201,29565,128253,172912
31JUL2024,01APR2024,31MAR2025,202499,02. 5 - 9,30162,17342,17025,13137,11822,28737,12910,342270,250785,27256,89647,161067
31JUL2024,01APR2024,31MAR2025,202499,03. 10 - 14,26913,16283,15446,11467,10433,25381,11268,373675,275894,27958,91873,183968
31JUL2024,01APR2024,31MAR2025,202499,04. 15,6288,3889,3572,2716,2520,5951,2539,91352,66112,7203,19431,46672
31JUL2024,01APR2024,31MAR2025,202499,05. 16,6851,4480,3534,3317,3075,6321,2174,89607,63596,7910,17026,46563
31JUL2024,01APR2024,31MAR2025,202499,06. 17,7176,4130,4273,2903,2660,6426,2648,81694,59398,7217,17082,42312
31JUL2024,01APR2024,31MAR2025,202499,07. 18,8139,4350,5400,2739,2514,7205,3202,72058,51130,7290,16242,34884
31JUL2024,01APR2024,31MAR2025,202499,08. 19,8881,4571,6249,2632,2425,7934,3478,70159,50866,7425,17117,33749
31JUL2024,01APR2024,31MAR2025,202499,09. 20 - 24,55051,28176,40048,15003,13700,49691,19137,418158,307386,41743,107490,199884
31JUL2024,01APR2024,31MAR2025,202499,10. 25 - 29,83306,44355,61956,21350,19708,75897,23888,659860,496150,54876,172005,324125
31JUL2024,01APR2024,31MAR2025,202499,11. 30 - 34,101727,57258,74361,27366,25383,92547,27311,849219,643276,62850,216745,426513
31JUL2024,01APR2024,31MAR2025,202499,12. 35 - 39,91273,55296,59656,31617,29413,81829,26805,781538,583979,58874,204585,379362
31JUL2024,01APR2024,31MAR2025,202499,13. 40 - 44,80302,52074,44602,35700,33339,70119,25508,657487,486774,49422,178914,307824
31JUL2024,01APR2024,31MAR2025,202499,14. 45 - 49,77312,52252,39690,37622,35268,66311,23429,624024,465886,43288,169194,296639
31JUL2024,01APR2024,31MAR2025,202499,15. 50 - 54,101253,70014,50562,50691,47600,85922,28352,785001,597201,47225,209024,388101
31JUL2024,01APR2024,31MAR2025,202499,16. 55 - 59,128196,90076,63462,64734,60865,107581,33114,949744,733761,49632,245917,487723
31JUL2024,01APR2024,31MAR2025,202499,17. 60 - 64,146406,103841,71895,74511,70090,122209,36226,1037534,816705,46015,263851,552755
31JUL2024,01APR2024,31MAR2025,202499,18. 65 - 69,154564,108849,77284,77280,72868,126461,36696,1013061,810751,36896,252145,558491
31JUL2024,01APR2024,31MAR2025,202499,19. 70 - 74,169301,116490,87474,81827,77403,135070,40733,1009543,816700,31271,251597,565028
31JUL2024,01APR2024,31MAR2025,202499,20. 75 - 79,200142,132135,110469,89673,84768,154551,51546,1109354,900425,32188,274229,626133
31JUL2024,01APR2024,31MAR2025,202499,21. 80 - 84,155870,92903,98547,57323,54025,112178,46487,774944,623168,25604,191153,431965
31JUL2024,01APR2024,31MAR2025,202499,22. 85 - 89,114669,58645,84489,30180,28170,74599,39815,485218,383320,19035,117664,265630
31JUL2024,01APR2024,31MAR2025,202499,23. 90+,67829,28060,58047,9782,9042,39510,27869,223903,173785,9818,51082,122690
31JUL2024,01APR2024,31MAR2025,202499,24. unknown,22808,14247,15158,7650,7158,18365,4463,60378,50042,3172,13083,36959
30JUN2024,01APR2024,31MAR2025,202499,01. 0 - 4,102819,26436,92378,10441,8900,95517,34919,364445,279263,27334,118883,160348
30JUN2024,01APR2024,31MAR2025,202499,02. 5 - 9,29370,16088,17447,11923,10663,27974,13461,315052,236446,23465,84350,152025
30JUN2024,01APR2024,31MAR2025,202499,03. 10 - 14,27075,15590,16495,10580,9649,25567,12428,342561,259916,23762,86608,173236
30JUN2024,01APR2024,31MAR2025,202499,04. 15,5967,3383,3705,2262,2087,5633,2775,81268,58844,6226,17179,41653
30JUN2024,01APR2024,31MAR2025,202499,05. 16,5584,3200,3360,2224,2042,5079,2273,78311,53517,7103,14820,38686
30JUN2024,01APR2024,31MAR2025,202499,06. 17,6574,3621,4168,2406,2178,5921,2678,73832,53325,6878,15642,37677
30JUN2024,01APR2024,31MAR2025,202499,07. 18,7189,3588,5083,2106,1929,6293,3048,63953,45134,6692,14722,30409
30JUN2024,01APR2024,31MAR2025,202499,08. 19,8423,4172,6106,2317,2121,7497,3365,63090,45535,6789,15507,30022
30JUN2024,01APR2024,31MAR2025,202499,09. 20 - 24,51604,25849,38370,13234,12116,46364,18256,376984,277462,37685,97382,180074
30JUN2024,01APR2024,31MAR2025,202499,10. 25 - 29,77564,41077,58685,18879,17409,70684,22731,589277,441506,50060,153204,288285
30JUN2024,01APR2024,31MAR2025,202499,11. 30 - 34,94767,53279,69798,24969,23164,86449,26042,759856,575096,56413,194915,380153
30JUN2024,01APR2024,31MAR2025,202499,12. 35 - 39,87049,52301,57548,29501,27498,78168,26142,701449,526187,52466,185068,341082
30JUN2024,01APR2024,31MAR2025,202499,13. 40 - 44,76198,49433,42710,33488,31296,66669,24665,597058,445596,44296,165139,280420
30JUN2024,01APR2024,31MAR2025,202499,14. 45 - 49,73190,49265,38287,34903,32583,63144,22883,567674,428634,38365,157434,271137
30JUN2024,01APR2024,31MAR2025,202499,15. 50 - 54,94284,65074,47790,46494,43613,80299,26932,712206,544506,42493,192073,352347
30JUN2024,01APR2024,31MAR2025,202499,16. 55 - 59,116497,82020,58466,58031,54529,98104,30900,858546,664378,44713,224568,439701
30JUN2024,01APR2024,31MAR2025,202499,17. 60 - 64,133100,93535,66854,66246,62236,110907,33520,929621,729636,41134,236839,492690
30JUN2024,01APR2024,31MAR2025,202499,18. 65 - 69,140877,98617,72137,68740,64830,114973,34608,903718,719599,33842,225042,494467
30JUN2024,01APR2024,31MAR2025,202499,19. 70 - 74,154615,105517,81712,72903,68827,122938,38286,903745,728459,28416,224712,503684
30JUN2024,01APR2024,31MAR2025,202499,20. 75 - 79,183808,120228,103610,80198,75604,141738,48968,995990,805059,29618,246445,558549
30JUN2024,01APR2024,31MAR2025,202499,21. 80 - 84,145153,85818,93068,52085,48994,104046,44126,695035,557036,23674,170883,386106
30JUN2024,01APR2024,31MAR2025,202499,22. 85 - 89,105655,53603,78998,26657,24925,68875,38052,433304,341711,17057,104601,237081
30JUN2024,01APR2024,31MAR2025,202499,23. 90+,63849,26193,55026,8823,8124,37438,26871,202719,157095,8874,46428,110661
30JUN2024,01APR2024,31MAR2025,202499,24. unknown,21089,13014,14197,6892,6362,17258,4244,49524,40346,2866,10382,29964
31MAY2024,01APR2024,31MAR2025,202499,01. 0 - 4,110970,28339,99683,11287,9547,103080,38277,384480,297741,28181,126515,171189
31MAY2024,01APR2024,31MAR2025,202499,02. 5 - 9,31226,17146,18147,13079,11770,29752,14050,326571,247588,23742,88051,159430
31MAY2024,01APR2024,31MAR2025,202499,03. 10 - 14,28225,16484,16723,11502,10434,26665,12578,353439,269581,24205,90391,179118
31MAY2024,01APR2024,31MAR2025,202499,04. 15,6050,3426,3658,2392,2215,5733,2752,84814,62437,6369,18690,43729
31MAY2024,01APR2024,31MAR2025,202499,05. 16,6059,3330,3848,2211,2021,5468,2658,80230,55502,7186,15879,39611
31MAY2024,01APR2024,31MAR2025,202499,06. 17,7152,4040,4448,2704,2468,6429,2761,77300,57111,6770,16896,40198
31MAY2024,01APR2024,31MAR2025,202499,07. 18,7748,4015,5345,2403,2195,6853,3246,66486,47925,6796,15871,32048
31MAY2024,01APR2024,31MAR2025,202499,08. 19,8810,4207,6453,2357,2161,7825,3615,65910,48201,6851,16568,31633
31MAY2024,01APR2024,31MAR2025,202499,09. 20 - 24,54693,27741,40432,14261,13103,49027,19241,395294,293987,39214,102348,191625
31MAY2024,01APR2024,31MAR2025,202499,10. 25 - 29,81225,43341,60960,20265,18749,74309,23458,620013,469947,51546,161034,308899
31MAY2024,01APR2024,31MAR2025,202499,11. 30 - 34,99812,56179,73656,26156,24302,90863,27400,801127,612926,58981,204658,408232
31MAY2024,01APR2024,31MAR2025,202499,12. 35 - 39,90894,54629,60190,30704,28600,81388,27180,736101,556377,54812,192891,363447
31MAY2024,01APR2024,31MAR2025,202499,13. 40 - 44,78993,51145,44315,34678,32451,69197,25687,622476,467718,46674,171567,296115
31MAY2024,01APR2024,31MAR2025,202499,14. 45 - 49,76268,51304,39561,36707,34296,65909,23712,593592,451820,40501,164091,287672
31MAY2024,01APR2024,31MAR2025,202499,15. 50 - 54,100112,69155,50418,49694,46613,85530,28691,749006,579006,44338,201996,376931
31MAY2024,01APR2024,31MAR2025,202499,16. 55 - 59,124243,87253,61731,62512,58748,104937,32976,904310,706665,47501,236768,469808
31MAY2024,01APR2024,31MAR2025,202499,17. 60 - 64,141379,99456,70594,70785,66632,118117,36032,978791,775362,43550,248133,527106
31MAY2024,01APR2024,31MAR2025,202499,18. 65 - 69,148504,103763,75389,73115,68958,121702,36502,953111,765498,35769,236907,528479
31MAY2024,01APR2024,31MAR2025,202499,19. 70 - 74,163059,111712,85426,77633,73457,130617,40604,956529,777156,30236,237123,539937
31MAY2024,01APR2024,31MAR2025,202499,20. 75 - 79,194228,126625,109890,84338,79644,149505,51941,1052953,857300,31433,258588,598650
31MAY2024,01APR2024,31MAR2025,202499,21. 80 - 84,151362,89364,97131,54231,50953,108931,46593,731528,590034,25253,178811,411167
31MAY2024,01APR2024,31MAR2025,202499,22. 85 - 89,111092,56096,82985,28107,26121,72687,40250,457933,363072,18517,111180,251859
31MAY2024,01APR2024,31MAR2025,202499,23. 90+,66123,27092,57121,9002,8293,38813,28021,213939,166556,9672,48234,118304
31MAY2024,01APR2024,31MAR2025,202499,24. unknown,33303,19765,22133,11170,10490,26196,7519,54776,45022,3244,11846,33175
30APR2024,01APR2024,31MAR2025,202499,01. 0 - 4,105020,27017,94585,10435,8827,97803,36769,375266,288143,27477,122896,165229
30APR2024,01APR2024,31MAR2025,202499,02. 5 - 9,28828,15946,16539,12289,11024,27504,12782,307235,229115,23426,80651,148397
30APR2024,01APR2024,31MAR2025,202499,03. 10 - 14,26026,15200,15142,10884,9869,24624,11282,331958,250858,23413,81247,169555
30APR2024,01APR2024,31MAR2025,202499,04. 15,6162,3582,3672,2490,2289,5823,2744,84124,62949,6303,18318,44618
30APR2024,01APR2024,31MAR2025,202499,05. 16,6582,3822,3884,2698,2474,6017,2665,83374,62013,6656,17281,44716
30APR2024,01APR2024,31MAR2025,202499,06. 17,7003,3917,4355,2648,2423,6261,2829,76835,56569,6763,16233,40333
30APR2024,01APR2024,31MAR2025,202499,07. 18,7505,3798,5136,2369,2129,6639,3153,66108,47997,6671,15691,32301
30APR2024,01APR2024,31MAR2025,202499,08. 19,8393,4171,6031,2362,2146,7519,3424,64454,47037,6558,15758,31276
30APR2024,01APR2024,31MAR2025,202499,09. 20 - 24,51979,26380,38392,13587,12413,46719,18345,389450,288743,38369,99431,189295
30APR2024,01APR2024,31MAR2025,202499,10. 25 - 29,77503,41342,57703,19800,18229,70913,22682,609259,460421,50964,158451,301950
30APR2024,01APR2024,31MAR2025,202499,11. 30 - 34,95839,54062,70363,25476,23608,87631,26472,787969,600573,57737,201149,399401
30APR2024,01APR2024,31MAR2025,202499,12. 35 - 39,86684,52483,56864,29820,27757,77742,26091,721232,542237,53937,187360,354839
30APR2024,01APR2024,31MAR2025,202499,13. 40 - 44,76595,49543,43011,33584,31392,67189,24909,611507,456704,45774,165179,291486
30APR2024,01APR2024,31MAR2025,202499,14. 45 - 49,74517,49921,38852,35665,33396,64123,23214,580584,438577,39710,157560,280955
30APR2024,01APR2024,31MAR2025,202499,15. 50 - 54,97694,67434,49419,48275,45342,83187,28037,741486,570232,44008,197580,372574
30APR2024,01APR2024,31MAR2025,202499,16. 55 - 59,121319,85147,60119,61200,57575,102490,32304,893723,697838,46415,232288,465442
30APR2024,01APR2024,31MAR2025,202499,17. 60 - 64,137424,96869,68069,69355,65195,114850,34816,963714,763409,42160,243146,520149
30APR2024,01APR2024,31MAR2025,202499,18. 65 - 69,144427,101127,73269,71158,67176,118129,35660,938830,754093,34853,232662,521339
30APR2024,01APR2024,31MAR2025,202499,19. 70 - 74,158676,108395,83278,75398,71252,126470,39546,942923,764646,29340,231417,533156
30APR2024,01APR2024,31MAR2025,202499,20. 75 - 79,187846,122829,105779,82067,77478,144253,49872,1033150,840809,30237,250529,590204
30APR2024,01APR2024,31MAR2025,202499,21. 80 - 84,147794,86644,95696,52098,49082,105329,45678,716412,577227,24349,172332,404832
30APR2024,01APR2024,31MAR2025,202499,22. 85 - 89,108469,55098,81443,27026,25258,70541,39376,448619,355508,17701,106655,248827
30APR2024,01APR2024,31MAR2025,202499,23. 90+,66366,27143,57665,8701,8030,38475,27939,209131,162271,9310,46634,115628
30APR2024,01APR2024,31MAR2025,202499,24. unknown,32794,19076,21969,10825,10188,25545,7537,43271,35223,2831,11676,23547
31MAR2024,01APR2023,31MAR2024,202399,01. 0 - 4,112121,26614,102103,10018,8316,104504,41942,351132,269868,25330,114715,155149
31MAR2024,01APR2023,31MAR2024,202399,02. 5 - 9,30792,15082,18891,11901,10311,29451,15048,282951,209575,20116,72701,136871
31MAR2024,01APR2023,31MAR2024,202399,03. 10 - 14,27401,14900,16708,10693,9554,26068,12768,308174,235665,20152,77815,157838
31MAR2024,01APR2023,31MAR2024,202399,04. 15,6325,3479,3930,2395,2178,5998,2967,77695,58437,5308,17372,41056
31MAR2024,01APR2023,31MAR2024,202399,05. 16,6957,3894,4241,2716,2486,6356,2915,75983,56558,5678,16208,40346
31MAR2024,01APR2023,31MAR2024,202399,06. 17,7211,3846,4692,2519,2285,6437,2940,69831,51678,6001,15469,36201
31MAR2024,01APR2023,31MAR2024,202399,07. 18,8040,3920,5730,2310,2092,7094,3515,61603,45289,5877,15161,30126
31MAR2024,01APR2023,31MAR2024,202399,08. 19,8833,4100,6503,2330,2078,7848,3713,60578,44221,6161,14999,29221
31MAR2024,01APR2023,31MAR2024,202399,09. 20 - 24,53369,26374,39907,13462,12221,48216,19452,360563,267789,35366,92639,175141
31MAR2024,01APR2023,31MAR2024,202399,10. 25 - 29,79573,41255,60060,19513,17794,72799,24002,565677,427084,46880,146558,280510
31MAR2024,01APR2023,31MAR2024,202399,11. 30 - 34,97410,52872,72706,24704,22545,88899,28061,731422,557984,53944,185864,372106
31MAR2024,01APR2023,31MAR2024,202399,12. 35 - 39,88098,51167,59402,28696,26262,79174,27646,669453,505383,50021,173329,332033
31MAR2024,01APR2023,31MAR2024,202399,13. 40 - 44,76879,48148,44248,32631,30138,67367,25753,567111,424745,42310,152477,272232
31MAR2024,01APR2023,31MAR2024,202399,14. 45 - 49,74322,48527,39777,34545,31980,64179,23945,538238,408518,36338,146706,261759
31MAR2024,01APR2023,31MAR2024,202399,15. 50 - 54,96984,64924,50158,46826,43443,82884,28757,685301,527491,41067,182679,344731
31MAR2024,01APR2023,31MAR2024,202399,16. 55 - 59,120168,81557,61074,59094,54805,101506,32653,827486,645268,43145,214113,431074
31MAR2024,01APR2023,31MAR2024,202399,17. 60 - 64,136230,92526,69792,66438,61764,113514,35292,888527,703426,39774,223921,479408
31MAR2024,01APR2023,31MAR2024,202399,18. 65 - 69,142400,96536,73311,69089,64455,116863,35784,867090,696798,32190,213347,483361
31MAR2024,01APR2023,31MAR2024,202399,19. 70 - 74,158439,104884,84428,74011,69255,126886,40308,877304,713468,27816,213914,499494
31MAR2024,01APR2023,31MAR2024,202399,20. 75 - 79,186965,118089,105669,81296,76019,144638,50365,960091,782709,28316,232932,549709
31MAR2024,01APR2023,31MAR2024,202399,21. 80 - 84,144437,81417,93704,50733,47343,103895,44925,660468,532700,22776,158253,374382
31MAR2024,01APR2023,31MAR2024,202399,22. 85 - 89,106969,51172,80402,26567,24571,69904,38939,415511,328097,17156,97662,230401
31MAR2024,01APR2023,31MAR2024,202399,23. 90+,65667,24988,57025,8642,7954,38288,27853,193502,149748,8842,42765,106967
31MAR2024,01APR2023,31MAR2024,202399,24. unknown,19728,11366,13225,6503,5315,16349,3858,81003,67978,5372,11918,56060
29FEB2024,01APR2023,31MAR2024,202399,01. 0 - 4,106528,25955,96705,9823,8228,99291,38769,367659,281940,26661,118008,163928
29FEB2024,01APR2023,31MAR2024,202399,02. 5 - 9,28331,14692,16666,11665,10244,27127,13087,293344,219173,21101,75289,143870
29FEB2024,01APR2023,31MAR2024,202399,03. 10 - 14,25578,14545,15044,10534,9459,24291,11304,321672,245533,21301,78535,166992
29FEB2024,01APR2023,31MAR2024,202399,04. 15,6238,3573,3677,2561,2335,5914,2723,82373,61787,5726,18197,43585
29FEB2024,01APR2023,31MAR2024,202399,05. 16,6420,3751,3687,2733,2464,5932,2491,80272,59902,6073,16987,42911
29FEB2024,01APR2023,31MAR2024,202399,06. 17,6778,3783,4208,2570,2335,6062,2663,73669,54792,6073,16159,38631
29FEB2024,01APR2023,31MAR2024,202399,07. 18,7434,3729,5154,2280,2052,6542,3055,63294,46241,6113,15233,31008
29FEB2024,01APR2023,31MAR2024,202399,08. 19,8141,3973,5934,2207,2015,7200,3285,62296,45704,6239,15507,30195
29FEB2024,01APR2023,31MAR2024,202399,09. 20 - 24,50812,25560,37451,13361,12222,45830,17799,376092,279173,36574,95578,183588
29FEB2024,01APR2023,31MAR2024,202399,10. 25 - 29,75463,39800,56628,18835,17237,68906,21889,587941,444375,48404,151903,292455
29FEB2024,01APR2023,31MAR2024,202399,11. 30 - 34,92584,51358,68291,24293,22360,84485,25685,752563,574319,54960,191350,382944
29FEB2024,01APR2023,31MAR2024,202399,12. 35 - 39,84537,50051,55905,28632,26386,76126,25337,692768,522210,51029,178932,343252
29FEB2024,01APR2023,31MAR2024,202399,13. 40 - 44,74248,47697,41531,32717,30313,65321,23845,589411,441031,43100,157802,283198
29FEB2024,01APR2023,31MAR2024,202399,14. 45 - 49,72004,47429,37822,34182,31707,62052,22656,561498,424409,37622,150607,273750
29FEB2024,01APR2023,31MAR2024,202399,15. 50 - 54,94950,64993,47762,47188,44017,80966,26802,718118,552264,42038,188248,363938
29FEB2024,01APR2023,31MAR2024,202399,16. 55 - 59,117806,81538,58566,59240,55200,99559,31297,863042,672909,44302,222561,450258
29FEB2024,01APR2023,31MAR2024,202399,17. 60 - 64,133112,92344,66067,67045,62375,111505,33482,922938,730456,40230,231719,498655
29FEB2024,01APR2023,31MAR2024,202399,18. 65 - 69,139151,96405,69970,69181,64602,114059,33552,899489,722444,32803,221229,501135
29FEB2024,01APR2023,31MAR2024,202399,19. 70 - 74,154812,104390,80925,73887,69188,123786,38189,908257,737634,28004,222135,515442
29FEB2024,01APR2023,31MAR2024,202399,20. 75 - 79,183569,118818,102685,80884,75902,141511,48116,995383,810202,29096,240162,570005
29FEB2024,01APR2023,31MAR2024,202399,21. 80 - 84,140693,81243,90413,50280,46954,100623,42838,682312,547710,23275,162316,385350
29FEB2024,01APR2023,31MAR2024,202399,22. 85 - 89,105100,52030,78957,26143,24288,67762,37467,429722,339014,17113,100792,238202
29FEB2024,01APR2023,31MAR2024,202399,23. 90+,65171,25368,56695,8476,7806,37192,26962,202589,156469,9161,44365,112098
29FEB2024,01APR2023,31MAR2024,202399,24. unknown,19703,11491,13092,6611,5446,16294,3781,54654,43877,3326,11133,32743
31JAN2024,01APR2023,31MAR2024,202399,01. 0 - 4,110349,27689,99979,10370,8745,103032,40725,389800,298233,29224,125147,173077
31JAN2024,01APR2023,31MAR2024,202399,02. 5 - 9,28589,14985,16635,11954,10622,27353,13202,311236,232542,23463,77475,155056
31JAN2024,01APR2023,31MAR2024,202399,03. 10 - 14,26048,14993,15119,10929,9877,24797,11515,339919,259009,23201,80313,178682
31JAN2024,01APR2023,31MAR2024,202399,04. 15,6432,3651,3819,2613,2400,6120,2896,87275,65657,6186,18753,46900
31JAN2024,01APR2023,31MAR2024,202399,05. 16,6342,3713,3744,2598,2387,5857,2585,84073,62436,6726,17185,45246
31JAN2024,01APR2023,31MAR2024,202399,06. 17,6624,3585,4298,2326,2125,5995,2811,78436,58105,6853,16867,41229
31JAN2024,01APR2023,31MAR2024,202399,07. 18,7722,3961,5314,2408,2193,6809,3146,68615,49700,6971,15908,33792
31JAN2024,01APR2023,31MAR2024,202399,08. 19,8740,4179,6463,2277,2069,7692,3445,68294,49695,7228,16464,33229
31JAN2024,01APR2023,31MAR2024,202399,09. 20 - 24,52561,26630,38660,13901,12718,47590,18136,402783,298490,40815,102151,196334
31JAN2024,01APR2023,31MAR2024,202399,10. 25 - 29,78890,41377,59412,19478,17960,72399,22757,630081,476432,53544,163039,313377
31JAN2024,01APR2023,31MAR2024,202399,11. 30 - 34,96639,53629,71169,25470,23537,88427,26511,804871,614440,60924,204093,410332
31JAN2024,01APR2023,31MAR2024,202399,12. 35 - 39,87097,51836,57440,29657,27581,78493,25858,740400,557969,56285,190909,367048
31JAN2024,01APR2023,31MAR2024,202399,13. 40 - 44,75677,48545,42226,33451,31153,66386,24266,628056,470132,47833,168247,301863
31JAN2024,01APR2023,31MAR2024,202399,14. 45 - 49,73091,49225,37636,35455,33159,63217,22778,596792,451193,42001,159403,291744
31JAN2024,01APR2023,31MAR2024,202399,15. 50 - 54,98212,67545,49284,48928,45869,83686,28078,766644,587976,47602,199937,387983
31JAN2024,01APR2023,31MAR2024,202399,16. 55 - 59,122482,85167,61013,61469,57630,103119,32879,919040,714167,50090,232750,481330
31JAN2024,01APR2023,31MAR2024,202399,17. 60 - 64,137793,96508,68286,69507,65245,114860,34943,979145,772936,45589,242241,530601
31JAN2024,01APR2023,31MAR2024,202399,18. 65 - 69,146265,101464,73731,72534,68314,119225,35789,952204,763500,37307,230694,532750
31JAN2024,01APR2023,31MAR2024,202399,19. 70 - 74,162929,110151,85201,77728,73378,129322,40396,965028,780953,32360,232422,548472
31JAN2024,01APR2023,31MAR2024,202399,20. 75 - 79,194192,124657,109810,84382,79733,147967,51879,1059064,858634,33620,251117,607483
31JAN2024,01APR2023,31MAR2024,202399,21. 80 - 84,150485,85916,98177,52308,49211,105863,46506,721253,576444,27083,168872,407544
31JAN2024,01APR2023,31MAR2024,202399,22. 85 - 89,115738,56306,88405,27333,25577,73358,42096,457064,357138,19972,103365,253758
31JAN2024,01APR2023,31MAR2024,202399,23. 90+,74268,28813,65253,9015,8350,41911,31129,215691,164701,10785,46471,118221
31JAN2024,01APR2023,31MAR2024,202399,24. unknown,20106,12261,13647,6459,6045,16332,4009,58853,46817,3689,12049,34767
31DEC2023,01APR2023,31MAR2024,202399,01. 0 - 4,114681,27920,105978,8703,7200,107009,46756,315630,237186,25878,101394,135786
31DEC2023,01APR2023,31MAR2024,202399,02. 5 - 9,25217,12325,15868,9349,8316,24103,12841,241793,172451,21204,59400,113040
31DEC2023,01APR2023,31MAR2024,202399,03. 10 - 14,21903,12790,12910,8993,8243,20813,9756,270862,200211,20410,64648,135541
31DEC2023,01APR2023,31MAR2024,202399,04. 15,5459,3349,3099,2360,2182,5198,2254,71156,52355,5464,15234,37120
31DEC2023,01APR2023,31MAR2024,202399,05. 16,5697,3370,3379,2318,2135,5218,2258,67246,49207,5627,13854,35350
31DEC2023,01APR2023,31MAR2024,202399,06. 17,6260,3386,4077,2183,1988,5576,2581,63082,45858,5980,13476,32380
31DEC2023,01APR2023,31MAR2024,202399,07. 18,7239,3708,5094,2145,1950,6392,3044,56448,40377,5976,13054,27323
31DEC2023,01APR2023,31MAR2024,202399,08. 19,7977,3962,5918,2059,1903,7070,3312,56531,40442,6299,13577,26865
31DEC2023,01APR2023,31MAR2024,202399,09. 20 - 24,48839,24402,37368,11471,10559,43922,17538,333889,244251,35348,84122,160125
31DEC2023,01APR2023,31MAR2024,202399,10. 25 - 29,72178,37725,56075,16103,14911,65984,21342,519867,387337,47316,131602,255725
31DEC2023,01APR2023,31MAR2024,202399,11. 30 - 34,88447,48536,67595,20852,19295,80715,24723,663791,499967,53143,164989,334970
31DEC2023,01APR2023,31MAR2024,202399,12. 35 - 39,79368,46308,54875,24493,22805,71309,24493,602961,446943,49006,152577,294355
31DEC2023,01APR2023,31MAR2024,202399,13. 40 - 44,67049,42310,39344,27705,25917,58588,22726,506501,372594,40911,134139,238438
31DEC2023,01APR2023,31MAR2024,202399,14. 45 - 49,65145,43020,35546,29599,27732,55748,21380,480201,356908,35545,127881,229003
31DEC2023,01APR2023,31MAR2024,202399,15. 50 - 54,87358,58949,46401,40957,38458,73866,26685,619434,468446,40170,162053,306357
31DEC2023,01APR2023,31MAR2024,202399,16. 55 - 59,108378,74440,56676,51702,48611,90452,30610,740218,567821,41693,188354,379415
31DEC2023,01APR2023,31MAR2024,202399,17. 60 - 64,123684,84822,65374,58310,54885,101963,33829,792293,618311,37630,196557,421694
31DEC2023,01APR2023,31MAR2024,202399,18. 65 - 69,131239,88933,70660,60579,57089,105494,34748,772678,613014,30802,187990,424962
31DEC2023,01APR2023,31MAR2024,202399,19. 70 - 74,146115,97051,81146,64969,61364,115244,39579,788318,631821,26814,189645,442152
31DEC2023,01APR2023,31MAR2024,202399,20. 75 - 79,174499,109906,104230,70269,66470,131738,50125,861870,690524,27733,203831,486664
31DEC2023,01APR2023,31MAR2024,202399,21. 80 - 84,137019,76918,93000,44019,41470,96324,45433,589497,465691,22137,137066,328608
31DEC2023,01APR2023,31MAR2024,202399,22. 85 - 89,105965,50687,83451,22514,21053,66967,40528,374214,290112,16305,84584,205520
31DEC2023,01APR2023,31MAR2024,202399,23. 90+,68537,26277,61085,7452,6940,39082,29952,176468,134637,8627,37679,96954
31DEC2023,01APR2023,31MAR2024,202399,24. unknown,18256,11070,12864,5392,5009,14716,3801,46788,36693,3062,9246,27447
30NOV2023,01APR2023,31MAR2024,202399,01. 0 - 4,125371,30507,114690,10681,8810,117114,53311,385392,296155,30575,126592,169558
30NOV2023,01APR2023,31MAR2024,202399,02. 5 - 9,27479,14869,15597,11882,10520,26335,12212,315073,237114,24852,78789,158319
30NOV2023,01APR2023,31MAR2024,202399,03. 10 - 14,25075,15150,14082,10993,9971,23891,10560,347003,265902,24797,85303,180510
30NOV2023,01APR2023,31MAR2024,202399,04. 15,6124,3681,3484,2640,2407,5833,2585,88969,66587,6637,19406,47172
30NOV2023,01APR2023,31MAR2024,202399,05. 16,6456,3788,3807,2649,2429,5818,2502,83278,61775,6987,17211,44561
30NOV2023,01APR2023,31MAR2024,202399,06. 17,6708,3676,4292,2416,2194,5999,2707,79043,58821,7424,17434,41381
30NOV2023,01APR2023,31MAR2024,202399,07. 18,7736,3914,5448,2288,2076,6848,3255,67043,48537,7217,16059,32477
30NOV2023,01APR2023,31MAR2024,202399,08. 19,8638,4214,6352,2286,2080,7682,3485,66146,48051,7470,16386,31665
30NOV2023,01APR2023,31MAR2024,202399,09. 20 - 24,53349,27351,39550,13799,12734,47842,18536,396109,294576,41973,103053,191513
30NOV2023,01APR2023,31MAR2024,202399,10. 25 - 29,77690,41821,58145,19545,18070,70947,22007,615625,465062,55935,160454,304592
30NOV2023,01APR2023,31MAR2024,202399,11. 30 - 34,96561,54970,70657,25904,24041,88081,25610,784909,599024,63493,201510,397490
30NOV2023,01APR2023,31MAR2024,202399,12. 35 - 39,87147,52995,57460,29687,27665,78396,25247,726182,548528,58850,189619,358882
30NOV2023,01APR2023,31MAR2024,202399,13. 40 - 44,75545,49295,42032,33513,31400,66217,23594,620370,466691,50056,168273,298382
30NOV2023,01APR2023,31MAR2024,202399,14. 45 - 49,73328,50057,37633,35695,33569,63223,21905,591945,449757,43953,160527,289178
30NOV2023,01APR2023,31MAR2024,202399,15. 50 - 54,98820,69047,49363,49457,46552,84235,27288,760536,587040,49332,202049,384929
30NOV2023,01APR2023,31MAR2024,202399,16. 55 - 59,122209,86394,60331,61878,58215,102735,31175,909237,710555,51668,235702,474777
30NOV2023,01APR2023,31MAR2024,202399,17. 60 - 64,137903,97962,67829,70074,66077,115155,33439,969770,771411,46561,245843,525479
30NOV2023,01APR2023,31MAR2024,202399,18. 65 - 69,144921,102405,72453,72468,68403,118949,34127,940713,759214,37894,234255,524892
30NOV2023,01APR2023,31MAR2024,202399,19. 70 - 74,161464,111654,83059,78405,74162,129449,38530,966385,788702,32715,238463,550180
30NOV2023,01APR2023,31MAR2024,202399,20. 75 - 79,190640,126634,105100,85540,80809,147466,48652,1053893,862332,33861,258148,604143
30NOV2023,01APR2023,31MAR2024,202399,21. 80 - 84,146639,87491,92713,53926,50762,105454,43563,720200,582470,26749,174569,407869
30NOV2023,01APR2023,31MAR2024,202399,22. 85 - 89,109271,56086,81147,28124,26351,70870,38494,455378,361083,19714,108206,252850
30NOV2023,01APR2023,31MAR2024,202399,23. 90+,67767,27860,58538,9229,8562,39051,28066,213315,166092,10305,48003,118081
30NOV2023,01APR2023,31MAR2024,202399,24. unknown,20506,12803,13745,6761,6278,16826,3851,60702,48461,3874,13655,34806
31OCT2023,01APR2023,31MAR2024,202399,01. 0 - 4,118513,27752,108462,10051,8420,110742,46792,373967,281980,29903,119650,162314
31OCT2023,01APR2023,31MAR2024,202399,02. 5 - 9,26616,14603,15568,11048,9927,25498,12206,309805,226423,24608,77243,149159
31OCT2023,01APR2023,31MAR2024,202399,03. 10 - 14,24378,14549,14207,10171,9293,23196,10808,338848,252459,24384,84237,168196
31OCT2023,01APR2023,31MAR2024,202399,04. 15,6170,3618,3742,2428,2236,5850,2794,87612,65004,6421,19684,45315
31OCT2023,01APR2023,31MAR2024,202399,05. 16,6209,3726,3638,2571,2388,5686,2458,80915,58378,6944,16825,41548
31OCT2023,01APR2023,31MAR2024,202399,06. 17,6708,3629,4428,2280,2102,5969,2787,76176,55039,7056,16661,38376
31OCT2023,01APR2023,31MAR2024,202399,07. 18,7738,3811,5570,2168,1953,6757,3341,65114,45390,7189,15304,30084
31OCT2023,01APR2023,31MAR2024,202399,08. 19,8559,4137,6442,2117,1958,7542,3614,64364,45478,7245,15802,29676
31OCT2023,01APR2023,31MAR2024,202399,09. 20 - 24,52393,26076,39478,12915,11936,46943,18939,389183,283457,40949,99718,183727
31OCT2023,01APR2023,31MAR2024,202399,10. 25 - 29,77608,41269,59178,18430,17073,70751,22595,607338,451244,54071,156709,294515
31OCT2023,01APR2023,31MAR2024,202399,11. 30 - 34,96049,53981,72092,23957,22245,87413,26424,780548,584003,62040,197778,386206
31OCT2023,01APR2023,31MAR2024,202399,12. 35 - 39,85415,50891,57808,27607,25711,76711,25474,712387,525813,56840,182218,343570
31OCT2023,01APR2023,31MAR2024,202399,13. 40 - 44,73519,47199,42072,31447,29486,63998,23812,601942,440318,48464,160007,280283
31OCT2023,01APR2023,31MAR2024,202399,14. 45 - 49,72000,48206,38169,33831,31682,61449,22585,572795,423898,42353,152636,271220
31OCT2023,01APR2023,31MAR2024,202399,15. 50 - 54,95748,65786,48873,46875,44054,81263,27769,739116,556825,47527,193697,363053
31OCT2023,01APR2023,31MAR2024,202399,16. 55 - 59,118417,82797,59714,58703,55114,99435,31795,884781,675235,49640,226182,448977
31OCT2023,01APR2023,31MAR2024,202399,17. 60 - 64,134347,94146,67745,66602,62559,111383,34112,937811,727862,45015,234400,493384
31OCT2023,01APR2023,31MAR2024,202399,18. 65 - 69,140913,98571,71663,69250,65368,114863,34563,911719,719223,36866,223587,495568
31OCT2023,01APR2023,31MAR2024,202399,19. 70 - 74,158080,108317,83236,74844,70655,125989,39327,938862,750762,31842,228771,521946
31OCT2023,01APR2023,31MAR2024,202399,20. 75 - 79,186086,122123,104630,81456,77104,142976,49363,1021537,819201,32910,247797,571364
31OCT2023,01APR2023,31MAR2024,202399,21. 80 - 84,145663,85531,94059,51604,48665,103431,44411,699758,556730,25650,167614,389084
31OCT2023,01APR2023,31MAR2024,202399,22. 85 - 89,108657,55341,81063,27594,25886,70555,38862,445050,348568,18737,104672,243875
31OCT2023,01APR2023,31MAR2024,202399,23. 90+,67560,27576,58679,8881,8217,38949,28417,209712,160847,10218,46361,114480
31OCT2023,01APR2023,31MAR2024,202399,24. unknown,20532,12394,14052,6480,5970,16883,3944,55842,43607,3544,11861,31746
30SEP2023,01APR2023,31MAR2024,202399,01. 0 - 4,103240,25320,93574,9666,8144,96486,35385,348285,261623,27743,110561,151055
30SEP2023,01APR2023,31MAR2024,202399,02. 5 - 9,25743,14527,14926,10817,9683,24682,11655,297252,218316,24128,74675,143630
30SEP2023,01APR2023,31MAR2024,202399,03. 10 - 14,23997,14178,14448,9549,8627,22744,10979,311686,231612,23110,76131,155466
30SEP2023,01APR2023,31MAR2024,202399,04. 15,6247,3490,3916,2331,2155,5929,2983,80444,60342,5914,18242,42095
30SEP2023,01APR2023,31MAR2024,202399,05. 16,5919,3430,3609,2310,2107,5400,2444,73227,51746,6703,14525,37215
30SEP2023,01APR2023,31MAR2024,202399,06. 17,6619,3454,4444,2175,1978,5858,2823,70826,51462,6619,15322,36136
30SEP2023,01APR2023,31MAR2024,202399,07. 18,7424,3733,5312,2112,1950,6498,3170,63171,44739,6839,14452,30287
30SEP2023,01APR2023,31MAR2024,202399,08. 19,8311,4136,6143,2168,1967,7440,3471,61511,44034,6690,14739,29295
30SEP2023,01APR2023,31MAR2024,202399,09. 20 - 24,50461,25989,37939,12522,11558,45317,18247,366127,267654,38312,93309,174338
30SEP2023,01APR2023,31MAR2024,202399,10. 25 - 29,74636,39976,57015,17621,16224,68119,21942,572302,426399,51336,147845,278541
30SEP2023,01APR2023,31MAR2024,202399,11. 30 - 34,91373,52005,68517,22856,21225,83374,25035,735105,551980,58060,186040,365925
30SEP2023,01APR2023,31MAR2024,202399,12. 35 - 39,81643,49202,55121,26522,24752,73382,24799,673599,500120,53663,172244,327853
30SEP2023,01APR2023,31MAR2024,202399,13. 40 - 44,72183,46722,41451,30732,28799,62791,23658,570985,421076,45741,151217,269832
30SEP2023,01APR2023,31MAR2024,202399,14. 45 - 49,70151,47085,37733,32418,30400,59925,22474,542518,403810,39727,143622,260147
30SEP2023,01APR2023,31MAR2024,202399,15. 50 - 54,92789,63745,48089,44700,42053,78784,27437,698533,527381,44741,180083,347245
30SEP2023,01APR2023,31MAR2024,202399,16. 55 - 59,113828,79356,58370,55458,52194,95454,31216,829569,632950,46400,207987,424898
30SEP2023,01APR2023,31MAR2024,202399,17. 60 - 64,127135,89139,64850,62285,58781,105419,33012,876798,679314,42045,215060,464184
30SEP2023,01APR2023,31MAR2024,202399,18. 65 - 69,134249,93366,69434,64815,61046,109394,33688,854721,673057,33971,206299,466708
30SEP2023,01APR2023,31MAR2024,202399,19. 70 - 74,151759,103643,81054,70705,66956,120677,38630,883150,705222,29785,212264,492914
30SEP2023,01APR2023,31MAR2024,202399,20. 75 - 79,177892,117227,100254,77638,73431,137253,47556,961191,770882,30018,230550,540293
30SEP2023,01APR2023,31MAR2024,202399,21. 80 - 84,138016,81991,88723,49293,46632,98882,42444,662149,526133,24285,157302,368802
30SEP2023,01APR2023,31MAR2024,202399,22. 85 - 89,102927,52828,76727,26200,24509,67123,37013,423102,332323,17583,99025,233282
30SEP2023,01APR2023,31MAR2024,202399,23. 90+,62447,26018,53990,8457,7836,36549,26531,198527,152123,9542,43691,108428
30SEP2023,01APR2023,31MAR2024,202399,24. unknown,19062,11583,12805,6257,5735,15654,3866,52239,40543,3667,11116,29426
31AUG2023,01APR2023,31MAR2024,202399,01. 0 - 4,99357,26689,88717,10640,9145,92587,30385,349510,264905,26920,110276,154625
31AUG2023,01APR2023,31MAR2024,202399,02. 5 - 9,23557,14910,12411,11146,9967,22643,9158,282556,199436,26427,69620,129799
31AUG2023,01APR2023,31MAR2024,202399,03. 10 - 14,21073,13616,11530,9543,8671,20062,8300,293257,209608,25414,65344,144253
31AUG2023,01APR2023,31MAR2024,202399,04. 15,5411,3333,3054,2357,2173,5131,2167,75296,53762,6560,14885,38873
31AUG2023,01APR2023,31MAR2024,202399,05. 16,6111,3767,3485,2626,2405,5611,2284,74025,52688,6852,13973,38713
31AUG2023,01APR2023,31MAR2024,202399,06. 17,6416,3577,4118,2298,2080,5744,2588,69416,49372,6856,14187,35182
31AUG2023,01APR2023,31MAR2024,202399,07. 18,7555,3946,5275,2280,2097,6708,3164,63187,44971,6693,14117,30852
31AUG2023,01APR2023,31MAR2024,202399,08. 19,8517,4262,6275,2242,2068,7524,3453,62426,45352,6594,14976,30376
31AUG2023,01APR2023,31MAR2024,202399,09. 20 - 24,52476,26831,39303,13173,12061,47034,18867,372961,274920,38024,93790,181120
31AUG2023,01APR2023,31MAR2024,202399,10. 25 - 29,77007,41057,58946,18061,16710,70014,23157,585084,440311,50810,151292,289011
31AUG2023,01APR2023,31MAR2024,202399,11. 30 - 34,92573,52510,69462,23111,21588,84155,26076,742083,561606,57773,187405,374183
31AUG2023,01APR2023,31MAR2024,202399,12. 35 - 39,80397,48532,54402,25995,24218,71685,24419,662577,490581,53224,166774,323785
31AUG2023,01APR2023,31MAR2024,202399,13. 40 - 44,70583,45265,41336,29247,27409,61160,23742,551681,401493,45502,142158,259312
31AUG2023,01APR2023,31MAR2024,202399,14. 45 - 49,68911,45925,37583,31328,29419,58628,22518,523299,386194,38703,136127,250026
31AUG2023,01APR2023,31MAR2024,202399,15. 50 - 54,94047,64602,48969,45078,42461,79542,27964,692895,524522,43456,177982,346494
31AUG2023,01APR2023,31MAR2024,202399,16. 55 - 59,118021,82357,60440,57581,54371,98832,32523,832534,643018,44610,210640,432309
31AUG2023,01APR2023,31MAR2024,202399,17. 60 - 64,131739,92165,67358,64381,60780,109222,34650,889709,696678,39755,219924,476682
31AUG2023,01APR2023,31MAR2024,202399,18. 65 - 69,138734,96316,71636,67098,63471,112923,35098,864380,690324,32370,210005,480262
31AUG2023,01APR2023,31MAR2024,202399,19. 70 - 74,156176,106572,82920,73256,69449,124861,39913,897789,725762,28001,218307,507403
31AUG2023,01APR2023,31MAR2024,202399,20. 75 - 79,181915,118844,102929,78986,74714,140251,49369,976275,792743,28581,235650,557055
31AUG2023,01APR2023,31MAR2024,202399,21. 80 - 84,141226,83323,91331,49895,47020,101260,43948,670827,539699,22706,161951,377712
31AUG2023,01APR2023,31MAR2024,202399,22. 85 - 89,105497,53791,78937,26560,24874,68797,38166,428986,340131,16693,101834,238270
31AUG2023,01APR2023,31MAR2024,202399,23. 90+,63922,26512,55126,8796,8189,37561,27081,202456,158188,8740,45222,112958
31AUG2023,01APR2023,31MAR2024,202399,24. unknown,19695,12151,13411,6284,5889,16226,4024,52896,41986,3689,11003,30981
31JUL2023,01APR2023,31MAR2024,202399,01. 0 - 4,103366,26420,93610,9756,8352,96293,33821,355551,269368,27495,113496,155867
31JUL2023,01APR2023,31MAR2024,202399,02. 5 - 9,25463,14512,14841,10622,9458,24430,11474,298698,217196,24996,76515,140651
31JUL2023,01APR2023,31MAR2024,202399,03. 10 - 14,22976,14050,13518,9458,8658,21846,10113,321100,235932,25190,77216,158675
31JUL2023,01APR2023,31MAR2024,202399,04. 15,5830,3422,3478,2352,2151,5489,2525,81404,59263,6557,16806,42455
31JUL2023,01APR2023,31MAR2024,202399,05. 16,6022,3695,3462,2560,2340,5482,2180,75719,53493,7095,13919,39567
31JUL2023,01APR2023,31MAR2024,202399,06. 17,6549,3563,4348,2201,2011,5777,2676,70158,50684,6672,14653,36031
31JUL2023,01APR2023,31MAR2024,202399,07. 18,7410,3806,5243,2167,1993,6449,3056,63005,45031,6807,14301,30728
31JUL2023,01APR2023,31MAR2024,202399,08. 19,8414,4063,6310,2104,1946,7418,3470,60981,43803,6606,14627,29176
31JUL2023,01APR2023,31MAR2024,202399,09. 20 - 24,52772,26677,40182,12590,11656,47252,19049,368817,271343,37871,93735,177601
31JUL2023,01APR2023,31MAR2024,202399,10. 25 - 29,77568,41366,59642,17926,16611,70621,23706,571947,430887,49202,149885,280990
31JUL2023,01APR2023,31MAR2024,202399,11. 30 - 34,93475,52793,70603,22872,21320,84797,26863,726296,551213,55195,187928,363268
31JUL2023,01APR2023,31MAR2024,202399,12. 35 - 39,82252,49278,56427,25825,24042,73159,25716,659636,492064,51496,170760,321286
31JUL2023,01APR2023,31MAR2024,202399,13. 40 - 44,71909,45706,42548,29361,27607,61933,24402,556823,410880,43604,146916,263944
31JUL2023,01APR2023,31MAR2024,202399,14. 45 - 49,69345,45990,38343,31002,29130,58803,23018,529080,393815,37979,140259,253527
31JUL2023,01APR2023,31MAR2024,202399,15. 50 - 54,94203,63885,50018,44185,41623,79139,28436,689872,522613,42879,178928,343654
31JUL2023,01APR2023,31MAR2024,202399,16. 55 - 59,115314,79832,59943,55371,52197,96131,32179,822328,633628,44091,208472,425108
31JUL2023,01APR2023,31MAR2024,202399,17. 60 - 64,130025,90537,67343,62682,59104,107002,34377,866386,679479,39063,214382,465047
31JUL2023,01APR2023,31MAR2024,202399,18. 65 - 69,135247,94377,70178,65069,61577,110015,34277,846975,675589,31781,207732,467818
31JUL2023,01APR2023,31MAR2024,202399,19. 70 - 74,153101,104677,81697,71404,67618,121946,39226,877470,708427,27747,214939,493453
31JUL2023,01APR2023,31MAR2024,202399,20. 75 - 79,178716,117038,101587,77129,73145,137326,48478,945387,765623,28219,229199,536401
31JUL2023,01APR2023,31MAR2024,202399,21. 80 - 84,137675,81491,89085,48590,45794,98870,43063,651665,523069,22666,157932,365118
31JUL2023,01APR2023,31MAR2024,202399,22. 85 - 89,103196,52901,77364,25832,24238,67505,37652,416431,329462,16618,99360,230095
31JUL2023,01APR2023,31MAR2024,202399,23. 90+,62526,26093,54010,8516,7865,36954,26799,197009,153739,8847,44213,109518
31JUL2023,01APR2023,31MAR2024,202399,24. unknown,19780,12168,13570,6210,5702,16294,3926,52617,41062,3708,11177,29885
30JUN2023,01APR2023,31MAR2024,202399,01. 0 - 4,101707,27434,91008,10699,9210,94832,32501,377516,288719,29015,121103,167609
30JUN2023,01APR2023,31MAR2024,202399,02. 5 - 9,27624,16226,15938,11686,10562,26509,12243,322166,241829,25472,85458,156358
30JUN2023,01APR2023,31MAR2024,202399,03. 10 - 14,25981,15474,15447,10534,9571,24737,11784,343998,261295,25040,86171,175093
30JUN2023,01APR2023,31MAR2024,202399,04. 15,6056,3420,3718,2338,2130,5723,2790,84587,61812,6580,17840,43966
30JUN2023,01APR2023,31MAR2024,202399,05. 16,5559,3220,3412,2147,1976,5038,2280,77499,53229,7431,14692,38534
30JUN2023,01APR2023,31MAR2024,202399,06. 17,6567,3567,4271,2296,2082,5821,2722,73302,53148,6842,15555,37590
30JUN2023,01APR2023,31MAR2024,202399,07. 18,7349,3733,5185,2164,1977,6484,3101,64823,46038,7020,14894,31142
30JUN2023,01APR2023,31MAR2024,202399,08. 19,8426,4171,6299,2127,1964,7473,3518,63650,45948,6979,15631,30317
30JUN2023,01APR2023,31MAR2024,202399,09. 20 - 24,51994,26815,38760,13234,12279,46686,18307,384604,283155,40251,98532,184615
30JUN2023,01APR2023,31MAR2024,202399,10. 25 - 29,76497,41486,57703,18794,17470,69751,22697,593212,446179,52699,154921,291231
30JUN2023,01APR2023,31MAR2024,202399,11. 30 - 34,92536,52984,68309,24227,22542,84379,25324,757232,573256,60172,195005,378234
30JUN2023,01APR2023,31MAR2024,202399,12. 35 - 39,82661,50594,54700,27961,26093,73984,24558,692441,518184,55163,179057,339104
30JUN2023,01APR2023,31MAR2024,202399,13. 40 - 44,73548,47967,41841,31707,29750,64142,23877,587324,436834,46806,156993,279821
30JUN2023,01APR2023,31MAR2024,202399,14. 45 - 49,72231,48926,38156,34075,32006,61936,22546,563785,423564,41608,150458,273077
30JUN2023,01APR2023,31MAR2024,202399,15. 50 - 54,96440,66597,49197,47243,44467,81967,27622,731477,558573,47362,190612,367916
30JUN2023,01APR2023,31MAR2024,202399,16. 55 - 59,118271,83331,59365,58906,55539,99397,31420,865075,668711,48172,219674,448973
30JUN2023,01APR2023,31MAR2024,202399,17. 60 - 64,132224,93635,66303,65921,62362,110138,33539,907465,712687,43274,224792,487850
30JUN2023,01APR2023,31MAR2024,202399,18. 65 - 69,139326,97955,71066,68260,64549,113908,34254,888245,707243,35219,216173,491010
30JUN2023,01APR2023,31MAR2024,202399,19. 70 - 74,158101,108235,83680,74421,70447,126101,39738,921745,743626,30712,224275,519316
30JUN2023,01APR2023,31MAR2024,202399,20. 75 - 79,183775,120950,103498,80277,75930,141595,48850,994579,805066,31805,240569,564465
30JUN2023,01APR2023,31MAR2024,202399,21. 80 - 84,142259,84460,91456,50803,47966,102174,43690,683101,547446,25817,164720,382705
30JUN2023,01APR2023,31MAR2024,202399,22. 85 - 89,106816,54952,79584,27232,25545,69732,38299,436654,344732,18819,103978,240736
30JUN2023,01APR2023,31MAR2024,202399,23. 90+,64689,26976,55707,8982,8339,37842,27164,207499,160915,10235,46037,114873
30JUN2023,01APR2023,31MAR2024,202399,24. unknown,19884,12204,13607,6277,5878,16307,3906,55440,43515,3699,11455,32059
31MAY2023,01APR2023,31MAR2024,202399,01. 0 - 4,107193,27369,96796,10397,8775,99853,37361,368167,284316,28119,119030,165270
31MAY2023,01APR2023,31MAR2024,202399,02. 5 - 9,27388,15353,16126,11262,10092,26269,12693,299834,227293,23218,79058,148223
31MAY2023,01APR2023,31MAR2024,202399,03. 10 - 14,25142,14822,15113,10029,9132,23892,11541,324509,246703,23747,81023,165661
31MAY2023,01APR2023,31MAR2024,202399,04. 15,5980,3370,3784,2196,2008,5647,2866,80433,59502,6143,17199,42296
31MAY2023,01APR2023,31MAR2024,202399,05. 16,5390,2985,3503,1887,1746,4881,2454,72521,50643,6469,14317,36322
31MAY2023,01APR2023,31MAR2024,202399,06. 17,6569,3539,4411,2158,1978,5830,2745,70464,51844,6572,15419,36420
31MAY2023,01APR2023,31MAR2024,202399,07. 18,7377,3705,5354,2023,1863,6480,3268,62984,45631,6693,14656,30975
31MAY2023,01APR2023,31MAR2024,202399,08. 19,8484,4102,6437,2047,1875,7432,3617,61260,44915,6636,15148,29767
31MAY2023,01APR2023,31MAR2024,202399,09. 20 - 24,51364,26181,38564,12800,11780,46184,18489,373000,278143,38285,95932,182196
31MAY2023,01APR2023,31MAR2024,202399,10. 25 - 29,75586,41286,57117,18469,17125,69002,22003,581818,441874,50904,151099,290757
31MAY2023,01APR2023,31MAR2024,202399,11. 30 - 34,92458,53057,68625,23833,22206,84356,25473,739638,564317,57912,188224,376069
31MAY2023,01APR2023,31MAR2024,202399,12. 35 - 39,82002,50125,55161,26841,25103,73496,24845,670762,507357,52609,172091,335248
31MAY2023,01APR2023,31MAR2024,202399,13. 40 - 44,72350,47219,40967,31383,29462,63290,23438,566749,427039,44986,152112,274903
31MAY2023,01APR2023,31MAR2024,202399,14. 45 - 49,70937,47889,37589,33348,31353,61028,22583,540684,411793,39435,144640,267117
31MAY2023,01APR2023,31MAR2024,202399,15. 50 - 54,96283,66333,49710,46573,43908,82004,28547,708675,547330,45576,184305,362953
31MAY2023,01APR2023,31MAR2024,202399,16. 55 - 59,118002,82865,59742,58260,55065,99345,32201,835633,652951,46770,211333,441528
31MAY2023,01APR2023,31MAR2024,202399,17. 60 - 64,131137,92142,66738,64399,60924,108775,33933,874607,693324,42334,216299,476954
31MAY2023,01APR2023,31MAR2024,202399,18. 65 - 69,137333,95997,70725,66608,63051,112171,34608,855857,687660,34413,207362,480226
31MAY2023,01APR2023,31MAR2024,202399,19. 70 - 74,155740,106465,83010,72730,68797,124311,39914,890585,723804,30267,214537,509225
31MAY2023,01APR2023,31MAR2024,202399,20. 75 - 79,182308,118392,104829,77479,73270,139449,49818,956636,778764,31822,228276,550448
31MAY2023,01APR2023,31MAR2024,202399,21. 80 - 84,140690,82122,92550,48140,45438,99996,44417,655529,528558,25547,156113,372413
31MAY2023,01APR2023,31MAR2024,202399,22. 85 - 89,105602,53517,79996,25606,23950,68482,38684,418428,331996,18393,97964,234017
31MAY2023,01APR2023,31MAR2024,202399,23. 90+,65909,26897,57319,8590,7988,37905,27677,200201,155751,9949,44324,111419
31MAY2023,01APR2023,31MAR2024,202399,24. unknown,20049,12292,13573,6476,5987,16604,4009,54860,43634,3619,11261,32370
30APR2023,01APR2023,31MAR2024,202399,01. 0 - 4,99255,24865,90521,8734,7469,92294,35074,318050,239779,24553,100669,139100
30APR2023,01APR2023,31MAR2024,202399,02. 5 - 9,22980,12721,13774,9206,8289,21910,10733,246814,180126,20013,62747,117365
30APR2023,01APR2023,31MAR2024,202399,03. 10 - 14,21039,12581,12462,8577,7860,20029,9485,268256,197290,20204,62636,134643
30APR2023,01APR2023,31MAR2024,202399,04. 15,5383,3010,3419,1964,1781,5080,2567,69072,50945,5272,14374,36568
30APR2023,01APR2023,31MAR2024,202399,05. 16,5416,3094,3396,2020,1877,4910,2298,65800,48121,5482,13286,34834
30APR2023,01APR2023,31MAR2024,202399,06. 17,5755,3041,3923,1832,1687,5167,2500,61593,44789,5582,12891,31894
30APR2023,01APR2023,31MAR2024,202399,07. 18,7004,3448,5091,1913,1739,6127,3054,55728,40047,5713,12957,27086
30APR2023,01APR2023,31MAR2024,202399,08. 19,7850,3799,5900,1950,1778,6996,3278,54313,39381,5706,12953,26427
30APR2023,01APR2023,31MAR2024,202399,09. 20 - 24,46264,23444,35114,11150,10243,41715,16807,328097,241569,32590,82183,159378
30APR2023,01APR2023,31MAR2024,202399,10. 25 - 29,68441,36608,52836,15605,14364,62643,20440,511498,384025,43287,130300,253713
30APR2023,01APR2023,31MAR2024,202399,11. 30 - 34,83180,47285,62860,20320,18926,76028,23213,650137,489891,49453,163409,326470
30APR2023,01APR2023,31MAR2024,202399,12. 35 - 39,73109,44119,49587,23522,21941,65540,22442,583713,433699,45159,147439,286247
30APR2023,01APR2023,31MAR2024,202399,13. 40 - 44,63098,40487,36890,26208,24555,55144,21471,485884,356246,37941,126706,229521
30APR2023,01APR2023,31MAR2024,202399,14. 45 - 49,62394,41827,34010,28384,26719,53373,20584,467480,346930,33308,121838,225066
30APR2023,01APR2023,31MAR2024,202399,15. 50 - 54,84252,57884,44072,40180,37849,71804,25531,613579,463025,38679,155939,307048
30APR2023,01APR2023,31MAR2024,202399,16. 55 - 59,103594,72253,53413,50181,47449,87096,29201,726239,556247,39872,180743,375447
30APR2023,01APR2023,31MAR2024,202399,17. 60 - 64,116066,81295,60213,55853,52874,95984,31181,760113,590547,35623,183209,407282
30APR2023,01APR2023,31MAR2024,202399,18. 65 - 69,122715,84903,64511,58204,55151,99491,31777,743691,587184,28582,175840,411304
30APR2023,01APR2023,31MAR2024,202399,19. 70 - 74,138176,93393,75221,62955,59694,109401,36449,773851,617086,25698,181785,435272
30APR2023,01APR2023,31MAR2024,202399,20. 75 - 79,162515,104363,95281,67234,63718,123176,45707,826624,661219,26562,192651,468536
30APR2023,01APR2023,31MAR2024,202399,21. 80 - 84,127222,72902,85488,41734,39369,89299,41200,568156,449542,21250,130747,318775
30APR2023,01APR2023,31MAR2024,202399,22. 85 - 89,97219,47834,75152,22067,20680,61629,35951,361060,281071,15470,82058,199000
30APR2023,01APR2023,31MAR2024,202399,23. 90+,62519,24855,55180,7339,6832,35454,26520,172505,131875,8421,36775,95099
30APR2023,01APR2023,31MAR2024,202399,24. unknown,18048,10940,12510,5538,5196,14872,3523,46812,36398,3284,9350,26303
31MAR2023,01APR2022,31MAR2023,202299,01. 0 - 4,109863,26752,99627,10236,8601,102317,41409,359067,267452,27288,114400,153025
31MAR2023,01APR2022,31MAR2023,202299,02. 5 - 9,27946,14224,16897,11049,9728,26722,13388,286983,210323,22188,71780,138518
31MAR2023,01APR2022,31MAR2023,202299,03. 10 - 14,24680,13898,14885,9795,8806,23484,11366,311027,232470,21790,74954,157483
31MAR2023,01APR2022,31MAR2023,202299,04. 15,6041,3331,3759,2282,2054,5728,2835,78546,57930,5630,16734,41179
31MAR2023,01APR2022,31MAR2023,202299,05. 16,6142,3422,3805,2337,2106,5640,2616,76065,55304,5906,15565,39726
31MAR2023,01APR2022,31MAR2023,202299,06. 17,6497,3449,4275,2222,2005,5829,2677,69925,51065,6006,14778,36274
31MAR2023,01APR2022,31MAR2023,202299,07. 18,7618,3790,5316,2302,2092,6782,3253,63495,45742,6474,14436,31291
31MAR2023,01APR2022,31MAR2023,202299,08. 19,8220,4002,6037,2183,1997,7327,3404,62258,45033,6581,14734,30287
31MAR2023,01APR2022,31MAR2023,202299,09. 20 - 24,51536,26187,38145,13391,12222,46401,18231,377059,277013,38308,92933,183998
31MAR2023,01APR2022,31MAR2023,202299,10. 25 - 29,75302,40232,56228,19074,17525,69155,21994,581897,435505,50200,147147,288252
31MAR2023,01APR2022,31MAR2023,202299,11. 30 - 34,91336,51460,66661,24675,22691,83693,25270,738653,556574,57137,184405,372050
31MAR2023,01APR2022,31MAR2023,202299,12. 35 - 39,82170,49855,53641,28529,26338,74119,24112,674820,500617,52136,168090,332380
31MAR2023,01APR2022,31MAR2023,202299,13. 40 - 44,72050,46670,39852,32198,29934,63693,22945,570451,419279,44752,146255,272901
31MAR2023,01APR2022,31MAR2023,202299,14. 45 - 49,71288,47725,37003,34285,31855,61758,21850,552603,411244,39559,140842,270267
31MAR2023,01APR2022,31MAR2023,202299,15. 50 - 54,96069,65818,47412,48657,45193,82726,26972,721488,543837,45729,179559,364103
31MAR2023,01APR2022,31MAR2023,202299,16. 55 - 59,117922,81977,57556,60366,56223,100282,30444,847933,648924,46827,207324,441415
31MAR2023,01APR2022,31MAR2023,202299,17. 60 - 64,131291,91530,64316,66975,62433,110275,32480,883390,685287,41595,209908,475190
31MAR2023,01APR2022,31MAR2023,202299,18. 65 - 69,139705,96270,69882,69823,65063,114625,33431,863918,680898,34022,201516,479234
31MAR2023,01APR2022,31MAR2023,202299,19. 70 - 74,157151,105788,81523,75628,70776,125904,38198,903454,719754,30224,210128,509483
31MAR2023,01APR2022,31MAR2023,202299,20. 75 - 79,180902,115368,100856,80046,74707,139182,47078,955349,760845,31208,220059,540634
31MAR2023,01APR2022,31MAR2023,202299,21. 80 - 84,140967,79682,90848,50119,46566,100400,42981,649947,509790,25190,148270,361452
31MAR2023,01APR2022,31MAR2023,202299,22. 85 - 89,106652,51271,80436,26216,24241,68231,37911,408171,313511,18313,92632,220839
31MAR2023,01APR2022,31MAR2023,202299,23. 90+,67314,25402,58661,8653,7891,38154,27673,187323,139160,9922,40393,98743
31MAR2023,01APR2022,31MAR2023,202299,24. unknown,18128,11512,11789,6339,5953,15038,3386,48642,39007,3472,8478,28888
28FEB2023,01APR2022,31MAR2023,202299,01. 0 - 4,100203,24654,90975,9228,7687,93155,37973,318770,241172,24840,103110,138041
28FEB2023,01APR2022,31MAR2023,202299,02. 5 - 9,24196,12784,14501,9695,8667,23179,11437,253329,187395,19681,63854,123518
28FEB2023,01APR2022,31MAR2023,202299,03. 10 - 14,21699,12611,13010,8689,7890,20620,9838,273552,205817,19748,67095,138692
28FEB2023,01APR2022,31MAR2023,202299,04. 15,5350,3063,3300,2050,1881,5034,2363,69064,51538,5067,15147,36381
28FEB2023,01APR2022,31MAR2023,202299,05. 16,5443,3154,3307,2136,1994,4961,2227,66855,49072,5351,14041,35029
28FEB2023,01APR2022,31MAR2023,202299,06. 17,5894,3287,3710,2184,2000,5303,2362,62089,45723,5339,13513,32198
28FEB2023,01APR2022,31MAR2023,202299,07. 18,6605,3351,4658,1947,1788,5843,2833,56284,41080,5704,13136,27930
28FEB2023,01APR2022,31MAR2023,202299,08. 19,7369,3645,5416,1953,1791,6590,2995,55360,40548,5905,13718,26813
28FEB2023,01APR2022,31MAR2023,202299,09. 20 - 24,46160,24303,33855,12305,11403,41787,16184,338393,252834,33839,86528,166218
28FEB2023,01APR2022,31MAR2023,202299,10. 25 - 29,67509,37110,50273,17236,15980,61917,19698,519887,395164,44698,135019,260061
28FEB2023,01APR2022,31MAR2023,202299,11. 30 - 34,81959,47344,59886,22073,20523,74962,22568,659205,503187,51309,168272,334799
28FEB2023,01APR2022,31MAR2023,202299,12. 35 - 39,72889,44962,47665,25224,23481,65815,21514,598056,451213,46654,152521,298564
28FEB2023,01APR2022,31MAR2023,202299,13. 40 - 44,64010,42558,35090,28920,27062,56468,19947,509031,381585,39742,133933,247539
28FEB2023,01APR2022,31MAR2023,202299,14. 45 - 49,63060,43252,32113,30947,29086,54728,18900,494117,374712,35678,130002,244573
28FEB2023,01APR2022,31MAR2023,202299,15. 50 - 54,86841,60834,42708,44133,41321,74929,24070,646530,498033,40829,166064,331776
28FEB2023,01APR2022,31MAR2023,202299,16. 55 - 59,106260,75444,51942,54318,51063,90291,27347,760654,594391,41906,190100,404109
28FEB2023,01APR2022,31MAR2023,202299,17. 60 - 64,118716,84211,58308,60408,56890,99376,29119,791450,627550,37032,194469,432850
28FEB2023,01APR2022,31MAR2023,202299,18. 65 - 69,125301,88372,62355,62946,59056,102982,29567,769893,619010,30254,183540,435264
28FEB2023,01APR2022,31MAR2023,202299,19. 70 - 74,141130,97263,73211,67919,63953,113153,34291,803647,652030,26939,190390,461468
28FEB2023,01APR2022,31MAR2023,202299,20. 75 - 79,160407,104886,89773,70634,66461,123492,41995,845259,686080,27848,198414,487540
28FEB2023,01APR2022,31MAR2023,202299,21. 80 - 84,125331,73008,81364,43967,41230,89031,38420,575386,459591,22773,134344,325171
28FEB2023,01APR2022,31MAR2023,202299,22. 85 - 89,94528,47572,71317,23211,21678,60310,33468,360363,281377,16497,83634,197703
28FEB2023,01APR2022,31MAR2023,202299,23. 90+,58819,23763,51103,7716,7160,33583,24267,167892,126742,9062,37405,89319
28FEB2023,01APR2022,31MAR2023,202299,24. unknown,17425,11121,11408,6017,5660,14480,3182,45056,36517,3115,8203,26490
31JAN2023,01APR2022,31MAR2023,202299,01. 0 - 4,107261,27267,97412,9849,8384,99620,39282,340143,259103,27781,111281,147799
31JAN2023,01APR2022,31MAR2023,202299,02. 5 - 9,25110,13321,14949,10161,9099,23967,11720,273495,205357,22466,66524,138812
31JAN2023,01APR2022,31MAR2023,202299,03. 10 - 14,23196,13530,13813,9383,8541,22110,10622,295838,225876,22488,69512,156330
31JAN2023,01APR2022,31MAR2023,202299,04. 15,5614,3116,3494,2120,1925,5276,2610,75312,57362,5674,15974,41381
31JAN2023,01APR2022,31MAR2023,202299,05. 16,5668,3169,3539,2129,1934,5185,2431,71865,53538,6082,14625,38907
31JAN2023,01APR2022,31MAR2023,202299,06. 17,6165,3387,3967,2198,1991,5534,2457,66494,49274,6235,14107,35155
31JAN2023,01APR2022,31MAR2023,202299,07. 18,7111,3592,5027,2084,1911,6267,2946,60887,44430,6475,13702,30716
31JAN2023,01APR2022,31MAR2023,202299,08. 19,7919,3961,5829,2090,1899,7088,3231,59508,43667,6704,14175,29477
31JAN2023,01APR2022,31MAR2023,202299,09. 20 - 24,48672,25701,36050,12622,11617,44156,16774,365334,272641,38757,91681,180906
31JAN2023,01APR2022,31MAR2023,202299,10. 25 - 29,71142,39293,53035,18107,16803,65247,20510,558306,424265,50074,144291,279883
31JAN2023,01APR2022,31MAR2023,202299,11. 30 - 34,86123,50344,63094,23029,21451,79076,23434,712300,544851,57467,181321,363449
31JAN2023,01APR2022,31MAR2023,202299,12. 35 - 39,76913,47850,50054,26859,25088,69326,22137,646898,489801,52539,164093,325599
31JAN2023,01APR2022,31MAR2023,202299,13. 40 - 44,67457,44804,37250,30207,28332,59495,21239,548741,412147,44898,143029,269006
31JAN2023,01APR2022,31MAR2023,202299,14. 45 - 49,67578,46311,34565,33013,30973,58555,20783,532383,404396,40871,138267,265966
31JAN2023,01APR2022,31MAR2023,202299,15. 50 - 54,91399,63751,45222,46177,43398,78342,25953,692923,533148,47215,175529,357455
31JAN2023,01APR2022,31MAR2023,202299,16. 55 - 59,112950,79569,55784,57166,53721,95275,30064,814176,635094,47781,200560,434355
31JAN2023,01APR2022,31MAR2023,202299,17. 60 - 64,125359,88373,62158,63201,59606,104475,31816,846538,669462,43480,203973,465272
31JAN2023,01APR2022,31MAR2023,202299,18. 65 - 69,132224,92152,66995,65229,61370,107644,32802,826945,663588,35600,196055,467346
31JAN2023,01APR2022,31MAR2023,202299,19. 70 - 74,152034,103151,79836,72198,68106,120624,38103,868936,703357,32089,204733,498439
31JAN2023,01APR2022,31MAR2023,202299,20. 75 - 79,172702,111591,98139,74563,70301,131240,46429,907315,733018,32944,211091,521785
31JAN2023,01APR2022,31MAR2023,202299,21. 80 - 84,136456,78189,90330,46126,43239,95027,42799,615844,489273,26880,141799,347388
31JAN2023,01APR2022,31MAR2023,202299,22. 85 - 89,105797,51894,81470,24327,22724,66244,38364,386623,298865,19549,88347,210463
31JAN2023,01APR2022,31MAR2023,202299,23. 90+,68750,27151,60678,8072,7482,38163,28321,179790,134035,10891,39139,94873
31JAN2023,01APR2022,31MAR2023,202299,24. unknown,18161,11227,12306,5855,5455,14761,3663,47236,38189,3470,7855,28379
31DEC2022,01APR2022,31MAR2023,202299,01. 0 - 4,118849,26740,110365,8484,7018,110734,52094,303691,222837,27413,95131,127684
31DEC2022,01APR2022,31MAR2023,202299,02. 5 - 9,24909,11169,16596,8313,7359,23828,13805,232391,161649,23068,53719,107910
31DEC2022,01APR2022,31MAR2023,202299,03. 10 - 14,20763,11424,12890,7873,7067,19727,9979,255940,184606,22150,57546,127025
31DEC2022,01APR2022,31MAR2023,202299,04. 15,4820,2731,2974,1846,1682,4553,2182,65543,47165,5679,13198,33958
31DEC2022,01APR2022,31MAR2023,202299,05. 16,5070,2872,3123,1947,1775,4605,2046,61567,43971,5979,12184,31785
31DEC2022,01APR2022,31MAR2023,202299,06. 17,5715,3122,3593,2122,1905,5159,2214,57745,41171,5968,11791,29371
31DEC2022,01APR2022,31MAR2023,202299,07. 18,6786,3472,4800,1986,1800,5897,2766,53677,38004,5999,11953,26044
31DEC2022,01APR2022,31MAR2023,202299,08. 19,7364,3651,5447,1917,1743,6588,2886,53004,37632,6355,12063,25560
31DEC2022,01APR2022,31MAR2023,202299,09. 20 - 24,46176,23972,34946,11230,10326,41639,15849,321863,233436,36220,77976,155423
31DEC2022,01APR2022,31MAR2023,202299,10. 25 - 29,66810,36147,51453,15357,14192,60990,18988,492585,365769,47084,123092,242605
31DEC2022,01APR2022,31MAR2023,202299,11. 30 - 34,79529,45570,59905,19624,18181,72676,21909,626755,467601,53767,153792,313724
31DEC2022,01APR2022,31MAR2023,202299,12. 35 - 39,70116,42444,47773,22343,20822,62846,20906,559863,411372,48994,137051,274241
31DEC2022,01APR2022,31MAR2023,202299,13. 40 - 44,60502,39485,34586,25916,24225,52995,19319,469186,341303,41686,118264,222965
31DEC2022,01APR2022,31MAR2023,202299,14. 45 - 49,61140,41027,32611,28529,26677,52070,18985,456843,335804,36903,115895,219827
31DEC2022,01APR2022,31MAR2023,202299,15. 50 - 54,83112,57147,42804,40308,37835,70345,23978,596523,446761,42683,148432,298218
31DEC2022,01APR2022,31MAR2023,202299,16. 55 - 59,103636,71765,53446,50190,47171,86364,28309,701954,534051,43878,169892,364031
31DEC2022,01APR2022,31MAR2023,202299,17. 60 - 64,115363,80144,59888,55475,52248,95270,30604,729076,564104,38793,173783,390187
31DEC2022,01APR2022,31MAR2023,202299,18. 65 - 69,122429,83466,65053,57376,54068,98707,31721,714426,561952,31862,166842,394968
31DEC2022,01APR2022,31MAR2023,202299,19. 70 - 74,142091,94206,79012,63079,59625,111462,37941,756740,598988,29269,174851,424002
31DEC2022,01APR2022,31MAR2023,202299,20. 75 - 79,160773,101137,96371,64402,60817,120449,45695,784227,619437,30386,178253,441080
31DEC2022,01APR2022,31MAR2023,202299,21. 80 - 84,128659,71528,88957,39702,37284,88662,42317,538581,417759,24780,121057,296649
31DEC2022,01APR2022,31MAR2023,202299,22. 85 - 89,98738,47219,78207,20531,19197,61289,36981,337937,255788,17874,74307,181435
31DEC2022,01APR2022,31MAR2023,202299,23. 90+,67160,25634,60180,6980,6428,37583,28934,161169,118336,9720,33761,84555
31DEC2022,01APR2022,31MAR2023,202299,24. unknown,17239,10549,12174,5065,4749,13831,3529,31265,23693,2925,5050,16878
30NOV2022,01APR2022,31MAR2023,202299,01. 0 - 4,120570,29097,110310,10260,8620,112239,50067,369171,281243,30662,118717,162507
30NOV2022,01APR2022,31MAR2023,202299,02. 5 - 9,26028,13702,15486,10542,9401,24972,12242,298877,224417,25319,73007,151394
30NOV2022,01APR2022,31MAR2023,202299,03. 10 - 14,23824,13916,14072,9752,8799,22698,10742,327220,250474,24801,79409,171024
30NOV2022,01APR2022,31MAR2023,202299,04. 15,5933,3341,3651,2282,2064,5599,2715,81542,61074,6366,17858,43210
30NOV2022,01APR2022,31MAR2023,202299,05. 16,5939,3443,3559,2380,2188,5420,2403,75540,56070,6786,15743,40318
30NOV2022,01APR2022,31MAR2023,202299,06. 17,6526,3545,4275,2251,2062,5865,2759,71412,53086,6755,15600,37472
30NOV2022,01APR2022,31MAR2023,202299,07. 18,7540,3818,5451,2089,1899,6646,3330,63588,45829,7302,14892,30930
30NOV2022,01APR2022,31MAR2023,202299,08. 19,8080,3965,6047,2033,1855,7111,3376,61202,44661,7153,14969,29688
30NOV2022,01APR2022,31MAR2023,202299,09. 20 - 24,51015,26619,37890,13125,12161,45844,17806,376887,280846,41074,95960,184844
30NOV2022,01APR2022,31MAR2023,202299,10. 25 - 29,73105,40650,54636,18469,17132,66730,21063,573364,435781,52557,148699,287014
30NOV2022,01APR2022,31MAR2023,202299,11. 30 - 34,89281,52131,65226,24055,22389,81501,24321,730391,558102,60617,186622,371421
30NOV2022,01APR2022,31MAR2023,202299,12. 35 - 39,78984,48810,52004,26980,25170,70878,22818,663921,502675,55146,170192,332403
30NOV2022,01APR2022,31MAR2023,202299,13. 40 - 44,69964,46616,38772,31192,29237,61464,21690,567683,427459,47423,149814,277550
30NOV2022,01APR2022,31MAR2023,202299,14. 45 - 49,70477,48323,36246,34231,32113,60841,21099,557118,424664,42433,146318,278227
30NOV2022,01APR2022,31MAR2023,202299,15. 50 - 54,95235,66978,47332,47903,45049,81533,26081,722132,558496,48878,185989,372338
30NOV2022,01APR2022,31MAR2023,202299,16. 55 - 59,115689,82884,56312,59377,56062,98145,29271,846757,663708,49628,212393,451115
30NOV2022,01APR2022,31MAR2023,202299,17. 60 - 64,128047,91883,62806,65241,61689,107162,30996,878430,700100,43892,217480,482395
30NOV2022,01APR2022,31MAR2023,202299,18. 65 - 69,134291,95490,66847,67444,63743,110141,31142,860362,696500,35131,208040,488284
30NOV2022,01APR2022,31MAR2023,202299,19. 70 - 74,155836,108736,80008,75828,71913,125080,36650,913533,747640,32031,221523,525939
30NOV2022,01APR2022,31MAR2023,202299,20. 75 - 79,173313,115337,95513,77800,73661,134066,44029,948149,775507,32330,227007,548321
30NOV2022,01APR2022,31MAR2023,202299,21. 80 - 84,133931,79956,85399,48532,45762,95832,39904,650799,525021,25972,154467,370464
30NOV2022,01APR2022,31MAR2023,202299,22. 85 - 89,100934,52272,74949,25985,24346,65095,34978,410313,324289,19242,96504,227731
30NOV2022,01APR2022,31MAR2023,202299,23. 90+,63669,26556,54901,8768,8106,36721,26239,192306,147877,10296,42474,105374
30NOV2022,01APR2022,31MAR2023,202299,24. unknown,19124,12268,12596,6528,6174,15686,3769,51435,41721,3650,9422,30018
31OCT2022,01APR2022,31MAR2023,202299,01. 0 - 4,115966,27185,106261,9705,8290,108073,44135,332518,251690,28279,106036,145640
31OCT2022,01APR2022,31MAR2023,202299,02. 5 - 9,24581,13652,14462,10119,9160,23562,11307,272460,201683,23901,67424,134240
31OCT2022,01APR2022,31MAR2023,202299,03. 10 - 14,22879,14014,13361,9518,8648,21780,9917,299564,225803,23843,74380,151384
31OCT2022,01APR2022,31MAR2023,202299,04. 15,5715,3241,3520,2195,1996,5418,2648,73671,55824,5835,16746,39073
31OCT2022,01APR2022,31MAR2023,202299,05. 16,5681,3391,3443,2238,2074,5183,2268,68380,50050,6155,14313,35735
31OCT2022,01APR2022,31MAR2023,202299,06. 17,6180,3380,4056,2124,1933,5569,2557,64896,47670,6366,14065,33599
31OCT2022,01APR2022,31MAR2023,202299,07. 18,7140,3651,5135,2005,1845,6313,3086,56770,40053,6733,12911,27138
31OCT2022,01APR2022,31MAR2023,202299,08. 19,7909,4025,5937,1972,1841,6992,3241,55759,40015,6685,13517,26494
31OCT2022,01APR2022,31MAR2023,202299,09. 20 - 24,49361,25918,36976,12385,11485,44543,17121,346868,256515,38131,88245,168236
31OCT2022,01APR2022,31MAR2023,202299,10. 25 - 29,71005,39488,53851,17154,15897,65023,20260,531916,401870,49048,137980,263830
31OCT2022,01APR2022,31MAR2023,202299,11. 30 - 34,87227,51258,64822,22405,20891,79911,22975,681374,518110,56148,172657,345377
31OCT2022,01APR2022,31MAR2023,202299,12. 35 - 39,76418,47204,51454,24964,23367,68846,22011,612826,460041,51392,155323,304648
31OCT2022,01APR2022,31MAR2023,202299,13. 40 - 44,65940,43582,37120,28820,26991,58101,20882,516765,384935,43776,134836,250021
31OCT2022,01APR2022,31MAR2023,202299,14. 45 - 49,65996,45058,34794,31202,29359,56889,20605,507431,382835,39318,132997,249743
31OCT2022,01APR2022,31MAR2023,202299,15. 50 - 54,89831,63096,45555,44276,41834,76752,25457,660958,505925,45302,169494,336288
31OCT2022,01APR2022,31MAR2023,202299,16. 55 - 59,109844,78003,54552,55292,52059,92983,28839,776185,602923,46055,195165,407568
31OCT2022,01APR2022,31MAR2023,202299,17. 60 - 64,121260,86290,61096,60164,56877,100930,30543,805235,635642,40631,197121,438313
31OCT2022,01APR2022,31MAR2023,202299,18. 65 - 69,127665,90268,65009,62656,59134,104631,31167,787500,631157,33192,190713,440265
31OCT2022,01APR2022,31MAR2023,202299,19. 70 - 74,149298,102855,79026,70272,66661,119004,37036,843614,682805,30393,203236,479403
31OCT2022,01APR2022,31MAR2023,202299,20. 75 - 79,166860,109538,94547,72313,68482,127818,44184,871455,705736,30264,208371,497222
31OCT2022,01APR2022,31MAR2023,202299,21. 80 - 84,130333,77196,84569,45764,43170,92892,40239,601324,481623,24578,143185,338346
31OCT2022,01APR2022,31MAR2023,202299,22. 85 - 89,99321,50498,74965,24356,22807,63305,35133,378093,297055,17660,88680,208314
31OCT2022,01APR2022,31MAR2023,202299,23. 90+,63178,25822,54818,8360,7792,35931,25988,177455,135340,9889,39216,96099
31OCT2022,01APR2022,31MAR2023,202299,24. unknown,18381,11710,12386,5995,5639,14948,3699,35153,27948,2936,6070,19710
30SEP2022,01APR2022,31MAR2023,202299,01. 0 - 4,104940,25365,95335,9605,8295,97979,35388,333046,246238,29048,104370,141844
30SEP2022,01APR2022,31MAR2023,202299,02. 5 - 9,24563,13967,14411,10152,9228,23560,11210,281845,204355,25136,68173,136167
30SEP2022,01APR2022,31MAR2023,202299,03. 10 - 14,22699,13420,13818,8881,8105,21518,10433,295472,217120,24150,70067,147036
30SEP2022,01APR2022,31MAR2023,202299,04. 15,5853,3221,3700,2153,1988,5563,2787,73737,55021,5883,16369,38644
30SEP2022,01APR2022,31MAR2023,202299,05. 16,5743,3332,3507,2236,2048,5220,2351,67781,47455,6782,13003,34451
30SEP2022,01APR2022,31MAR2023,202299,06. 17,6416,3432,4282,2134,1949,5717,2689,65704,47085,6698,13792,33289
30SEP2022,01APR2022,31MAR2023,202299,07. 18,7085,3631,4996,2089,1909,6230,2923,58668,40798,7045,12646,28145
30SEP2022,01APR2022,31MAR2023,202299,08. 19,7770,3975,5756,2014,1861,6891,3147,57827,41180,6765,13524,27652
30SEP2022,01APR2022,31MAR2023,202299,09. 20 - 24,48723,25786,36404,12319,11420,43946,16846,355098,258054,39703,87546,170467
30SEP2022,01APR2022,31MAR2023,202299,10. 25 - 29,70615,39545,53658,16957,15743,64627,19921,545876,405778,51694,137415,268309
30SEP2022,01APR2022,31MAR2023,202299,11. 30 - 34,87070,50893,65284,21786,20252,79457,23131,700623,525478,59115,173198,352220
30SEP2022,01APR2022,31MAR2023,202299,12. 35 - 39,75729,47122,50691,25038,23375,67973,22007,628157,465303,53687,155501,309758
30SEP2022,01APR2022,31MAR2023,202299,13. 40 - 44,65849,43412,37235,28614,26819,57633,20866,531349,390099,45268,135431,254599
30SEP2022,01APR2022,31MAR2023,202299,14. 45 - 49,66798,46045,35036,31762,29966,57540,20484,522695,388504,41403,133711,254721
30SEP2022,01APR2022,31MAR2023,202299,15. 50 - 54,89473,62730,45359,44114,41528,76383,25410,674898,508626,47384,169009,339469
30SEP2022,01APR2022,31MAR2023,202299,16. 55 - 59,107891,77022,53644,54247,51097,91327,28433,781404,596631,47509,189560,406918
30SEP2022,01APR2022,31MAR2023,202299,17. 60 - 64,118821,85056,59127,59694,56395,99056,29507,806253,625297,41604,192234,432886
30SEP2022,01APR2022,31MAR2023,202299,18. 65 - 69,124657,88471,63237,61420,58102,102204,30252,791471,624188,33813,185857,438166
30SEP2022,01APR2022,31MAR2023,202299,19. 70 - 74,147132,101977,77296,69836,66161,117890,36430,849735,678104,30912,199870,478113
30SEP2022,01APR2022,31MAR2023,202299,20. 75 - 79,162162,107740,90631,71531,67621,125433,42614,879584,702906,30953,205938,496838
30SEP2022,01APR2022,31MAR2023,202299,21. 80 - 84,126700,75950,81514,45186,42561,90862,38725,608303,480528,24974,142106,338347
30SEP2022,01APR2022,31MAR2023,202299,22. 85 - 89,95463,49407,71162,24301,22757,62070,33927,383675,298197,18203,88811,209330
30SEP2022,01APR2022,31MAR2023,202299,23. 90+,60292,25480,51903,8389,7748,35053,25100,181262,136685,10067,39987,96673
30SEP2022,01APR2022,31MAR2023,202299,24. unknown,17358,11191,11349,6009,5648,14208,3570,44236,34872,3388,7942,25206
31AUG2022,01APR2022,31MAR2023,202299,01. 0 - 4,101842,26645,91579,10263,8853,95021,32020,331114,249722,28171,105457,144263
31AUG2022,01APR2022,31MAR2023,202299,02. 5 - 9,22257,13997,12201,10056,9123,21395,9223,263529,185415,27604,63915,121494
31AUG2022,01APR2022,31MAR2023,202299,03. 10 - 14,20299,12967,11365,8934,8142,19343,8248,273408,194963,26761,60990,133967
31AUG2022,01APR2022,31MAR2023,202299,04. 15,4982,3113,2845,2137,1959,4749,2055,68094,49277,6383,13581,35694
31AUG2022,01APR2022,31MAR2023,202299,05. 16,5698,3554,3287,2411,2225,5222,2110,66777,47444,6780,12617,34823
31AUG2022,01APR2022,31MAR2023,202299,06. 17,6207,3549,3933,2274,2094,5618,2439,62795,44692,6668,12784,31905
31AUG2022,01APR2022,31MAR2023,202299,07. 18,7278,3854,5038,2240,2064,6453,2931,58639,41671,6775,12722,28946
31AUG2022,01APR2022,31MAR2023,202299,08. 19,8055,4108,5941,2114,1938,7207,3209,56750,41052,6821,13542,27508
31AUG2022,01APR2022,31MAR2023,202299,09. 20 - 24,50239,26313,37689,12550,11600,45348,17312,351441,260583,38715,89587,170966
31AUG2022,01APR2022,31MAR2023,202299,10. 25 - 29,72263,40178,54943,17320,16057,66084,20980,543948,412110,50141,140156,271923
31AUG2022,01APR2022,31MAR2023,202299,11. 30 - 34,86046,50453,64166,21880,20365,78526,23393,687321,522038,57679,172912,349082
31AUG2022,01APR2022,31MAR2023,202299,12. 35 - 39,73085,45358,49277,23808,22247,65472,21461,601804,448575,52488,150668,297844
31AUG2022,01APR2022,31MAR2023,202299,13. 40 - 44,63039,41369,36426,26613,24987,54708,20424,499241,365606,44636,127143,238425
31AUG2022,01APR2022,31MAR2023,202299,14. 45 - 49,64186,43809,34117,30069,28294,55122,20323,491868,364477,40391,125655,238749
31AUG2022,01APR2022,31MAR2023,202299,15. 50 - 54,88704,61953,45791,42913,40492,75556,25832,648269,493722,45249,164421,329203
31AUG2022,01APR2022,31MAR2023,202299,16. 55 - 59,109112,77154,54896,54216,51107,92193,29568,762903,594176,44775,190718,403343
31AUG2022,01APR2022,31MAR2023,202299,17. 60 - 64,121344,86360,60913,60431,57097,101346,30913,791058,626913,38927,193771,432993
31AUG2022,01APR2022,31MAR2023,202299,18. 65 - 69,127060,90023,64323,62737,59118,104198,31152,775425,624729,31146,186835,437752
31AUG2022,01APR2022,31MAR2023,202299,19. 70 - 74,150372,104082,79542,70830,67190,119929,37622,837583,681991,28356,200881,480969
31AUG2022,01APR2022,31MAR2023,202299,20. 75 - 79,164940,108858,93151,71789,67811,126659,43599,858735,700998,28108,205170,495711
31AUG2022,01APR2022,31MAR2023,202299,21. 80 - 84,129786,76600,84423,45363,42709,92225,39941,594451,479897,22829,142859,336934
31AUG2022,01APR2022,31MAR2023,202299,22. 85 - 89,98434,50354,74010,24424,22794,63566,35107,376775,298752,16575,89396,209289
31AUG2022,01APR2022,31MAR2023,202299,23. 90+,62330,25654,54004,8326,7751,35357,25396,178135,137287,9226,40012,97232
31AUG2022,01APR2022,31MAR2023,202299,24. unknown,19380,12511,13066,6314,5935,15670,4026,35618,28104,3187,6908,19359
31JUL2022,01APR2022,31MAR2023,202299,01. 0 - 4,110266,26250,100752,9514,8163,102899,40046,323070,238658,29167,103166,135489
31JUL2022,01APR2022,31MAR2023,202299,02. 5 - 9,25173,13942,15372,9801,8873,24070,12128,270757,194021,26176,67799,126185
31JUL2022,01APR2022,31MAR2023,202299,03. 10 - 14,21744,13203,12917,8827,8038,20716,9771,292955,212414,26190,69218,143184
31JUL2022,01APR2022,31MAR2023,202299,04. 15,5128,3047,3082,2046,1910,4897,2305,72076,52249,6333,14666,37583
31JUL2022,01APR2022,31MAR2023,202299,05. 16,5429,3459,3056,2373,2204,5011,1914,68149,47357,6998,12562,34792
31JUL2022,01APR2022,31MAR2023,202299,06. 17,6005,3362,3865,2140,1970,5407,2360,62681,44721,6600,12664,32055
31JUL2022,01APR2022,31MAR2023,202299,07. 18,6975,3708,4847,2128,1929,6214,2752,57904,40552,6877,12509,28039
31JUL2022,01APR2022,31MAR2023,202299,08. 19,7485,3736,5567,1918,1741,6699,2972,55958,40189,6679,13189,26997
31JUL2022,01APR2022,31MAR2023,202299,09. 20 - 24,48866,25679,36847,12019,11038,44143,16901,346146,253260,38932,85805,167438
31JUL2022,01APR2022,31MAR2023,202299,10. 25 - 29,70808,39210,54207,16601,15315,64963,20378,527981,394947,50161,134816,260096
31JUL2022,01APR2022,31MAR2023,202299,11. 30 - 34,85443,49842,64278,21165,19706,78214,23150,665685,500309,57030,166998,333271
31JUL2022,01APR2022,31MAR2023,202299,12. 35 - 39,72969,45185,49602,23367,21825,65542,21488,594307,440329,52141,148551,291736
31JUL2022,01APR2022,31MAR2023,202299,13. 40 - 44,62768,41400,36213,26555,24931,54840,20290,496732,363496,44316,127201,236250
31JUL2022,01APR2022,31MAR2023,202299,14. 45 - 49,63412,43235,34131,29281,27456,54377,19962,488895,362313,40102,124989,237255
31JUL2022,01APR2022,31MAR2023,202299,15. 50 - 54,86541,60114,44684,41857,39427,73622,25120,636215,479861,45329,159560,320223
31JUL2022,01APR2022,31MAR2023,202299,16. 55 - 59,105406,74640,53344,52062,48997,88987,28364,741531,569572,45311,182212,387269
31JUL2022,01APR2022,31MAR2023,202299,17. 60 - 64,116995,83003,58997,57998,54723,97385,29560,765125,599053,39261,185245,413714
31JUL2022,01APR2022,31MAR2023,202299,18. 65 - 69,123237,86721,63513,59724,56350,100852,30607,750307,596881,31803,179489,417316
31JUL2022,01APR2022,31MAR2023,202299,19. 70 - 74,147239,101002,79391,67848,64207,117221,37704,816624,655818,29313,194406,461343
31JUL2022,01APR2022,31MAR2023,202299,20. 75 - 79,159669,104745,91697,67972,64231,122278,42819,824549,663434,29183,194894,468477
31JUL2022,01APR2022,31MAR2023,202299,21. 80 - 84,126295,73960,83546,42749,40259,89584,39632,573404,455300,23719,135758,319473
31JUL2022,01APR2022,31MAR2023,202299,22. 85 - 89,95527,48162,72735,22792,21221,61271,34545,362172,282509,17074,84934,197541
31JUL2022,01APR2022,31MAR2023,202299,23. 90+,60674,24644,52972,7702,7130,34945,25569,170986,129420,9557,37875,91527
31JUL2022,01APR2022,31MAR2023,202299,24. unknown,19997,12593,13681,6316,5934,16078,4193,46586,35746,4106,9621,24142
30JUN2022,01APR2022,31MAR2023,202299,01. 0 - 4,107685,26480,97907,9778,8473,100507,39224,332685,249388,29506,107027,142353
30JUN2022,01APR2022,31MAR2023,202299,02. 5 - 9,25398,13755,15494,9904,8911,24351,12374,277729,206164,24707,70686,135442
30JUN2022,01APR2022,31MAR2023,202299,03. 10 - 14,23355,13546,14515,8840,8091,22263,11126,304128,229342,24738,75076,154252
30JUN2022,01APR2022,31MAR2023,202299,04. 15,5263,2877,3360,1903,1737,5010,2591,71735,52301,6026,15195,37104
30JUN2022,01APR2022,31MAR2023,202299,05. 16,4805,2540,3234,1571,1434,4301,2198,66257,44599,6819,12246,32351
30JUN2022,01APR2022,31MAR2023,202299,06. 17,5982,3210,4019,1963,1803,5369,2554,64051,46003,6757,12995,33005
30JUN2022,01APR2022,31MAR2023,202299,07. 18,6709,3269,4919,1790,1637,5920,2926,57939,40796,6781,12677,28113
30JUN2022,01APR2022,31MAR2023,202299,08. 19,7819,3853,5842,1977,1812,6983,3272,57313,41528,6798,13422,28105
30JUN2022,01APR2022,31MAR2023,202299,09. 20 - 24,49092,25102,37423,11669,10779,44191,17681,353213,260341,39585,88145,172174
30JUN2022,01APR2022,31MAR2023,202299,10. 25 - 29,69786,38228,53382,16404,15199,63769,20398,534966,401679,50642,136442,265207
30JUN2022,01APR2022,31MAR2023,202299,11. 30 - 34,84351,48765,63262,21089,19625,76984,23167,675441,511088,56917,169667,341385
30JUN2022,01APR2022,31MAR2023,202299,12. 35 - 39,73637,45604,49711,23926,22346,65929,21851,607748,454732,52361,153329,301363
30JUN2022,01APR2022,31MAR2023,202299,13. 40 - 44,64228,42184,37306,26922,25307,55966,20937,507434,377847,43953,132228,245564
30JUN2022,01APR2022,31MAR2023,202299,14. 45 - 49,65331,44510,35055,30276,28501,56196,20768,505458,380172,40547,130223,249892
30JUN2022,01APR2022,31MAR2023,202299,15. 50 - 54,87530,60765,45480,42050,39594,74433,25607,652458,498256,45902,165497,332690
30JUN2022,01APR2022,31MAR2023,202299,16. 55 - 59,105079,74131,53944,51135,48231,88633,28839,750520,580167,46092,185244,394835
30JUN2022,01APR2022,31MAR2023,202299,17. 60 - 64,116200,81952,59528,56672,53579,96399,29905,769890,604719,39875,186492,418155
30JUN2022,01APR2022,31MAR2023,202299,18. 65 - 69,121667,85358,63507,58160,54986,99096,30635,757451,603927,32225,179747,424112
30JUN2022,01APR2022,31MAR2023,202299,19. 70 - 74,145058,99516,78159,66899,63582,115497,37302,825730,665119,30097,195414,469632
30JUN2022,01APR2022,31MAR2023,202299,20. 75 - 79,157941,102939,91726,66215,62571,121099,43623,831858,671252,29475,196034,475163
30JUN2022,01APR2022,31MAR2023,202299,21. 80 - 84,125939,73580,83747,42192,39748,89494,40428,580257,464101,23857,136816,327242
30JUN2022,01APR2022,31MAR2023,202299,22. 85 - 89,95691,48624,72895,22796,21332,61885,35136,365286,287239,17133,86143,201063
30JUN2022,01APR2022,31MAR2023,202299,23. 90+,60886,25416,52876,8010,7474,35565,25809,171408,130908,9466,38858,92035
30JUN2022,01APR2022,31MAR2023,202299,24. unknown,19353,12129,13102,6251,5830,15799,4175,40167,30041,3670,8736,21298
31MAY2022,01APR2022,31MAR2023,202299,01. 0 - 4,112776,27067,102536,10240,8755,105313,42154,356567,270731,30274,116904,153815
31MAY2022,01APR2022,31MAR2023,202299,02. 5 - 9,26983,14559,16255,10728,9651,25932,12998,293815,221075,25370,75205,145834
31MAY2022,01APR2022,31MAR2023,202299,03. 10 - 14,24566,14124,15189,9377,8531,23391,11673,325064,247681,25506,82900,164766
31MAY2022,01APR2022,31MAR2023,202299,04. 15,5830,3200,3763,2067,1887,5517,2864,76744,57276,6437,17000,40270
31MAY2022,01APR2022,31MAR2023,202299,05. 16,5439,2911,3638,1801,1663,4883,2496,71303,50491,6768,14360,36125
31MAY2022,01APR2022,31MAR2023,202299,06. 17,6404,3478,4191,2213,2033,5689,2682,68484,50564,6872,14959,35600
31MAY2022,01APR2022,31MAR2023,202299,07. 18,7186,3625,5184,2002,1838,6372,3136,62172,45062,7086,14323,30734
31MAY2022,01APR2022,31MAR2023,202299,08. 19,8111,4051,6050,2061,1911,7200,3406,60375,44347,6958,14585,29755
31MAY2022,01APR2022,31MAR2023,202299,09. 20 - 24,50532,26350,38026,12506,11543,45384,18263,376033,280761,41051,96310,184430
31MAY2022,01APR2022,31MAR2023,202299,10. 25 - 29,72556,40304,54641,17915,16610,66354,21032,569133,432415,52948,149095,283274
31MAY2022,01APR2022,31MAR2023,202299,11. 30 - 34,88248,51849,65347,22901,21378,80543,23909,720246,550033,60351,184901,365079
31MAY2022,01APR2022,31MAR2023,202299,12. 35 - 39,76657,47756,51257,25400,23884,68766,22840,644424,487894,54590,166314,321519
31MAY2022,01APR2022,31MAR2023,202299,13. 40 - 44,66824,44170,38054,28770,27023,58530,21307,542730,408246,46032,143028,265159
31MAY2022,01APR2022,31MAR2023,202299,14. 45 - 49,69371,47232,36923,32448,30510,59462,21697,541039,411481,42136,141190,270190
31MAY2022,01APR2022,31MAR2023,202299,15. 50 - 54,92134,64434,47005,45129,42526,78642,26544,699342,539599,48361,179111,360385
31MAY2022,01APR2022,31MAR2023,202299,16. 55 - 59,110469,78191,55751,54718,51674,93136,29614,805740,630484,47918,200635,429735
31MAY2022,01APR2022,31MAR2023,202299,17. 60 - 64,122139,86598,61942,60197,56843,101586,31219,823557,653016,42165,200775,452115
31MAY2022,01APR2022,31MAR2023,202299,18. 65 - 69,128209,90219,66508,61701,58270,104461,32090,809123,651878,33529,194056,457708
31MAY2022,01APR2022,31MAR2023,202299,19. 70 - 74,153858,105782,82315,71543,67782,122220,38635,887368,722359,31230,212486,509766
31MAY2022,01APR2022,31MAR2023,202299,20. 75 - 79,165563,107952,96245,69318,65616,126110,45064,879068,716516,30377,209059,507326
31MAY2022,01APR2022,31MAR2023,202299,21. 80 - 84,132911,77310,88641,44270,41674,93700,42125,617511,497892,24604,147061,350731
31MAY2022,01APR2022,31MAR2023,202299,22. 85 - 89,100809,51026,77041,23768,22231,64543,36837,388461,308136,17705,92171,215903
31MAY2022,01APR2022,31MAR2023,202299,23. 90+,64254,26487,56074,8180,7584,36820,26882,182309,140330,10098,41676,98609
31MAY2022,01APR2022,31MAR2023,202299,24. unknown,20089,12690,13512,6577,6142,16144,4409,44306,33594,4037,8761,24318
30APR2022,01APR2022,31MAR2023,202299,01. 0 - 4,103502,24291,94852,8650,7270,96685,37420,316181,234800,27195,98699,129625
30APR2022,01APR2022,31MAR2023,202299,02. 5 - 9,22837,12495,13880,8957,8114,21891,10901,246940,178758,22283,59570,118120
30APR2022,01APR2022,31MAR2023,202299,03. 10 - 14,20742,12072,12765,7977,7287,19715,9598,269622,199704,22370,64950,134170
30APR2022,01APR2022,31MAR2023,202299,04. 15,5324,3016,3297,2027,1873,5068,2504,67066,49910,5614,14530,35276
30APR2022,01APR2022,31MAR2023,202299,05. 16,5418,3109,3363,2055,1897,4953,2305,65536,48131,5786,13492,34568
30APR2022,01APR2022,31MAR2023,202299,06. 17,5776,3204,3757,2019,1856,5199,2242,59633,43581,5802,12757,30760
30APR2022,01APR2022,31MAR2023,202299,07. 18,6499,3342,4548,1951,1770,5802,2673,55520,40250,6168,12737,27472
30APR2022,01APR2022,31MAR2023,202299,08. 19,7519,3762,5602,1917,1756,6612,3107,53051,38812,6024,12617,26132
30APR2022,01APR2022,31MAR2023,202299,09. 20 - 24,46636,24352,35355,11281,10431,42056,16647,337413,251363,35695,85326,165873
30APR2022,01APR2022,31MAR2023,202299,10. 25 - 29,67139,37287,51156,15983,14779,61599,19375,508861,385072,46333,131878,252872
30APR2022,01APR2022,31MAR2023,202299,11. 30 - 34,79701,46691,59836,19865,18489,72950,21574,643005,488957,52653,163589,324804
30APR2022,01APR2022,31MAR2023,202299,12. 35 - 39,68908,42618,46804,22104,20730,61957,20433,569625,425561,47805,143527,281576
30APR2022,01APR2022,31MAR2023,202299,13. 40 - 44,59390,38468,34496,24894,23222,51903,19448,475241,350755,39971,122016,228512
30APR2022,01APR2022,31MAR2023,202299,14. 45 - 49,61362,41631,33246,28116,26484,52546,19777,476050,355428,36696,121174,233936
30APR2022,01APR2022,31MAR2023,202299,15. 50 - 54,82036,56670,42977,39059,36727,69631,24468,616948,468921,41615,155130,313439
30APR2022,01APR2022,31MAR2023,202299,16. 55 - 59,99523,69704,51585,47938,45126,83502,27761,716326,553548,41751,175273,377461
30APR2022,01APR2022,31MAR2023,202299,17. 60 - 64,109227,76665,56255,52972,49928,90531,29060,728412,571773,36480,174779,396125
30APR2022,01APR2022,31MAR2023,202299,18. 65 - 69,116139,80601,61397,54742,51656,94137,29875,718650,572060,29742,168704,402029
30APR2022,01APR2022,31MAR2023,202299,19. 70 - 74,140151,95012,76961,63190,59911,110621,36921,790181,634891,27393,183939,449218
30APR2022,01APR2022,31MAR2023,202299,20. 75 - 79,150657,95844,90257,60400,57122,113250,42908,775610,623220,26884,178853,441875
30APR2022,01APR2022,31MAR2023,202299,21. 80 - 84,123191,69470,85108,38083,35786,85077,40641,548510,435538,22028,125432,306784
30APR2022,01APR2022,31MAR2023,202299,22. 85 - 89,95193,46403,74931,20262,18904,59618,35714,348428,271645,16129,78367,189190
30APR2022,01APR2022,31MAR2023,202299,23. 90+,63379,25004,56559,6820,6286,35309,26822,167448,126403,9368,35729,87020
30APR2022,01APR2022,31MAR2023,202299,24. unknown,17820,10873,12379,5441,5030,14039,3775,36832,27094,3336,6858,20206
31MAR2022,01APR2021,31MAR2022,202199,01. 0 - 4,111354,25742,101962,9392,7873,104200,41171,357240,263761,29585,113523,142394
31MAR2022,01APR2021,31MAR2022,202199,02. 5 - 9,25767,13895,15848,9919,8893,24784,11948,284919,207919,23672,68584,137744
31MAR2022,01APR2021,31MAR2022,202199,03. 10 - 14,25321,13957,16517,8804,7945,24119,12251,314262,235083,23444,78584,155638
31MAR2022,01APR2021,31MAR2022,202199,04. 15,6463,3383,4269,2194,2026,6127,3188,77140,57260,5776,17190,39924
31MAR2022,01APR2021,31MAR2022,202199,05. 16,6330,3402,4168,2162,1981,5749,2836,73131,53229,6087,15276,37853
31MAR2022,01APR2021,31MAR2022,202199,06. 17,6478,3517,4335,2143,1968,5828,2725,68228,49907,6322,14910,34926
31MAR2022,01APR2021,31MAR2022,202199,07. 18,7717,3877,5587,2130,1951,6778,3309,62211,44995,6755,14618,30319
31MAR2022,01APR2021,31MAR2022,202199,08. 19,8030,3998,5950,2080,1910,7114,3381,59477,43425,6766,14527,28834
31MAR2022,01APR2021,31MAR2022,202199,09. 20 - 24,50694,26505,37753,12941,11946,45646,18145,379816,281268,40526,97147,183945
31MAR2022,01APR2021,31MAR2022,202199,10. 25 - 29,72361,40276,54095,18266,16960,66239,20748,573159,430461,53013,149331,280798
31MAR2022,01APR2021,31MAR2022,202199,11. 30 - 34,87038,51077,63975,23063,21419,79659,23648,722410,545107,60189,184478,360035
31MAR2022,01APR2021,31MAR2022,202199,12. 35 - 39,76162,47308,50319,25843,24104,68524,22172,648924,484787,54289,165507,318825
31MAR2022,01APR2021,31MAR2022,202199,13. 40 - 44,66553,43865,37511,29042,27188,58637,21253,551862,408682,46309,143465,264991
31MAR2022,01APR2021,31MAR2022,202199,14. 45 - 49,69112,47248,36011,33101,31021,59735,21154,556692,417087,42935,143567,273220
31MAR2022,01APR2021,31MAR2022,202199,15. 50 - 54,93502,65097,47742,45760,43008,80074,26952,717852,545737,48488,181558,363793
31MAR2022,01APR2021,31MAR2022,202199,16. 55 - 59,111870,78686,56178,55692,52385,94818,29954,826608,637683,48858,203130,433791
31MAR2022,01APR2021,31MAR2022,202199,17. 60 - 64,121332,85812,60743,60589,56992,101451,30516,838440,658052,42048,202485,454781
31MAR2022,01APR2021,31MAR2022,202199,18. 65 - 69,128685,89751,65809,62876,59267,105367,31602,829201,660524,34223,194954,464212
31MAR2022,01APR2021,31MAR2022,202199,19. 70 - 74,155474,105518,83168,72306,68259,123911,39101,920325,741698,32125,215849,524067
31MAR2022,01APR2021,31MAR2022,202199,20. 75 - 79,163402,104565,94869,68533,64695,124378,44353,896281,720908,31031,206278,511946
31MAR2022,01APR2021,31MAR2022,202199,21. 80 - 84,133281,75310,89827,43454,40889,93353,42536,639198,507017,25738,145537,357769
31MAR2022,01APR2021,31MAR2022,202199,22. 85 - 89,102213,49382,78927,23286,21721,64782,37406,407229,316948,18855,90516,222124
31MAR2022,01APR2021,31MAR2022,202199,23. 90+,66522,25890,58549,7973,7315,37423,27581,194448,146737,10655,40801,102127
31MAR2022,01APR2021,31MAR2022,202199,24. unknown,18504,11930,12538,5966,5519,14894,3640,207169,183599,17041,38688,144404
28FEB2022,01APR2021,31MAR2022,202199,01. 0 - 4,99917,23509,91343,8574,7253,93334,36444,313794,231328,26014,98675,126043
28FEB2022,01APR2021,31MAR2022,202199,02. 5 - 9,21600,11830,12718,8882,8014,20696,9846,250985,182961,21535,58176,123385
28FEB2022,01APR2021,31MAR2022,202199,03. 10 - 14,21117,11840,13044,8073,7320,20089,9877,272452,202411,20877,64962,136729
28FEB2022,01APR2021,31MAR2022,202199,04. 15,5579,2981,3534,2045,1854,5274,2703,67635,50458,5158,14974,35386
28FEB2022,01APR2021,31MAR2022,202199,05. 16,5371,2991,3414,1957,1793,4911,2315,63761,47160,5353,13536,33555
28FEB2022,01APR2021,31MAR2022,202199,06. 17,5958,3288,3834,2124,1975,5382,2479,60810,44725,5689,13183,31491
28FEB2022,01APR2021,31MAR2022,202199,07. 18,6672,3386,4791,1881,1724,5958,2933,54258,39461,5900,13023,26393
28FEB2022,01APR2021,31MAR2022,202199,08. 19,7155,3525,5363,1792,1675,6336,3058,52432,38412,6018,12977,25395
28FEB2022,01APR2021,31MAR2022,202199,09. 20 - 24,45674,24009,34119,11555,10737,41138,16456,335348,250879,35235,88258,162481
28FEB2022,01APR2021,31MAR2022,202199,10. 25 - 29,65530,36746,49323,16207,15068,59926,19170,506255,385338,45195,134440,250616
28FEB2022,01APR2021,31MAR2022,202199,11. 30 - 34,76902,45546,56721,20181,18809,70320,20976,634113,483620,51499,164837,318325
28FEB2022,01APR2021,31MAR2022,202199,12. 35 - 39,67390,41933,44859,22531,21039,60696,19824,567128,426941,46831,147457,279117
28FEB2022,01APR2021,31MAR2022,202199,13. 40 - 44,58851,38889,33390,25461,23942,51752,18898,480848,359242,39696,126600,232412
28FEB2022,01APR2021,31MAR2022,202199,14. 45 - 49,61437,42160,32302,29135,27507,52945,19044,488457,369396,36969,128782,240325
28FEB2022,01APR2021,31MAR2022,202199,15. 50 - 54,83384,57906,42763,40621,38297,71192,24207,627713,482648,41734,161138,321083
28FEB2022,01APR2021,31MAR2022,202199,16. 55 - 59,99132,69833,50174,48958,46112,83611,26740,718708,562003,40844,179101,382233
28FEB2022,01APR2021,31MAR2022,202199,17. 60 - 64,108578,76986,54624,53954,50931,90814,27905,728772,577978,35931,178093,399165
28FEB2022,01APR2021,31MAR2022,202199,18. 65 - 69,114983,81071,59003,55980,52888,94043,28453,718461,578422,28801,171703,405463
28FEB2022,01APR2021,31MAR2022,202199,19. 70 - 74,140447,96114,75209,65238,61713,111912,35743,794252,645301,27209,189449,454395
28FEB2022,01APR2021,31MAR2022,202199,20. 75 - 79,144503,93452,84324,60179,56856,109756,39763,765535,619660,25889,177995,439306
28FEB2022,01APR2021,31MAR2022,202199,21. 80 - 84,118019,67513,79783,38236,35994,82443,37969,546205,435211,21791,124492,307465
28FEB2022,01APR2021,31MAR2022,202199,22. 85 - 89,91665,45180,71281,20384,19045,57832,33987,348898,273028,15786,77287,191766
28FEB2022,01APR2021,31MAR2022,202199,23. 90+,60573,24268,53533,7040,6551,34306,25647,168123,127733,8903,35348,88962
28FEB2022,01APR2021,31MAR2022,202199,24. unknown,16977,10795,11545,5432,4954,13589,3576,183225,162925,14766,35228,126071
31JAN2022,01APR2021,31MAR2022,202199,01. 0 - 4,103037,24130,94617,8420,7082,96120,36370,326749,240161,28721,100555,132504
31JAN2022,01APR2021,31MAR2022,202199,02. 5 - 9,20465,11024,12277,8188,7337,19623,9673,256282,183896,23512,56407,126014
31JAN2022,01APR2021,31MAR2022,202199,03. 10 - 14,21096,11563,13418,7678,6961,20097,10468,275655,203156,22567,63229,139116
31JAN2022,01APR2021,31MAR2022,202199,04. 15,5547,2775,3731,1816,1653,5263,2954,68649,50718,5655,14502,36096
31JAN2022,01APR2021,31MAR2022,202199,05. 16,5469,2934,3591,1878,1721,4959,2480,64429,47073,5631,13151,33829
31JAN2022,01APR2021,31MAR2022,202199,06. 17,5988,3112,4057,1931,1777,5392,2678,62253,45186,6072,12953,32182
31JAN2022,01APR2021,31MAR2022,202199,07. 18,6603,3256,4855,1748,1572,5843,3018,56138,40142,6406,12600,27486
31JAN2022,01APR2021,31MAR2022,202199,08. 19,7088,3398,5374,1714,1561,6284,3117,54394,39340,6510,12764,26538
31JAN2022,01APR2021,31MAR2022,202199,09. 20 - 24,46778,24031,35808,10970,10174,42329,17081,346906,257137,38100,88476,168518
31JAN2022,01APR2021,31MAR2022,202199,10. 25 - 29,67128,36829,51868,15260,14163,61725,19932,525747,397300,49022,136065,260945
31JAN2022,01APR2021,31MAR2022,202199,11. 30 - 34,79431,45802,60358,19073,17836,72515,22337,658943,500038,55893,167475,332068
31JAN2022,01APR2021,31MAR2022,202199,12. 35 - 39,68666,42036,47136,21530,20209,61670,21114,590941,442591,50104,149979,292190
31JAN2022,01APR2021,31MAR2022,202199,13. 40 - 44,59221,38134,35093,24128,22718,51358,20148,496119,367443,42594,128294,238954
31JAN2022,01APR2021,31MAR2022,202199,14. 45 - 49,62497,41841,34293,28204,26546,53470,20986,505912,379121,39742,129667,249199
31JAN2022,01APR2021,31MAR2022,202199,15. 50 - 54,83762,57405,44439,39323,37152,70576,25600,648069,492822,45523,161408,331069
31JAN2022,01APR2021,31MAR2022,202199,16. 55 - 59,99455,69355,51938,47517,45101,82632,28188,744172,575161,46067,179843,394595
31JAN2022,01APR2021,31MAR2022,202199,17. 60 - 64,107860,75626,55650,52210,49439,88967,28715,753022,591321,40123,177622,412924
31JAN2022,01APR2021,31MAR2022,202199,18. 65 - 69,114935,80126,60121,54814,51960,93098,29831,743544,593438,32316,172037,420035
31JAN2022,01APR2021,31MAR2022,202199,19. 70 - 74,140578,94866,76863,63715,60480,110357,37160,828725,668231,30819,190634,476033
31JAN2022,01APR2021,31MAR2022,202199,20. 75 - 79,145293,92769,86497,58796,55694,108856,41416,792925,638873,29145,178739,457675
31JAN2022,01APR2021,31MAR2022,202199,21. 80 - 84,121315,67863,84323,36992,34968,82996,40374,570016,451847,24662,125648,322769
31JAN2022,01APR2021,31MAR2022,202199,22. 85 - 89,95326,45753,75892,19434,18187,59307,36540,365450,284066,18339,78614,201475
31JAN2022,01APR2021,31MAR2022,202199,23. 90+,65314,25635,58615,6699,6239,36274,27911,177841,134443,10235,36255,94580
31JAN2022,01APR2021,31MAR2022,202199,24. unknown,17622,10923,12516,5106,4692,13833,3792,189055,168143,15172,35430,131407
31DEC2021,01APR2021,31MAR2022,202199,01. 0 - 4,112710,25538,104438,8272,6922,105024,43598,304335,221988,27486,94348,121536
31DEC2021,01APR2021,31MAR2022,202199,02. 5 - 9,20496,10847,12371,8125,7319,19657,9947,233975,163501,22942,50915,111409
31DEC2021,01APR2021,31MAR2022,202199,03. 10 - 14,19644,11412,12092,7552,6871,18568,9025,257070,186741,22056,58478,127618
31DEC2021,01APR2021,31MAR2022,202199,04. 15,5122,2873,3208,1914,1755,4844,2372,64920,47207,5497,13741,33379
31DEC2021,01APR2021,31MAR2022,202199,05. 16,5458,3190,3348,2110,1937,4962,2253,60596,43648,5583,12196,31374
31DEC2021,01APR2021,31MAR2022,202199,06. 17,5832,3234,3864,1968,1817,5196,2357,58937,42563,5660,12378,30132
31DEC2021,01APR2021,31MAR2022,202199,07. 18,6617,3327,4791,1826,1634,5817,2904,53370,37894,6256,11937,25910
31DEC2021,01APR2021,31MAR2022,202199,08. 19,7339,3607,5520,1819,1667,6459,3026,51942,37208,6358,12138,25035
31DEC2021,01APR2021,31MAR2022,202199,09. 20 - 24,46891,24175,35992,10899,10077,42135,16831,332747,245039,36804,83218,161687
31DEC2021,01APR2021,31MAR2022,202199,10. 25 - 29,66817,36600,52169,14648,13494,60898,19596,503334,377291,48216,128354,248673
31DEC2021,01APR2021,31MAR2022,202199,11. 30 - 34,80019,46176,61394,18625,17244,72887,22080,628267,473265,54108,157817,314962
31DEC2021,01APR2021,31MAR2022,202199,12. 35 - 39,69414,41956,48552,20862,19325,61856,21182,559199,415223,48630,139677,275127
31DEC2021,01APR2021,31MAR2022,202199,13. 40 - 44,59590,38249,35748,23842,22362,51541,20123,464531,341053,40776,118539,222360
31DEC2021,01APR2021,31MAR2022,202199,14. 45 - 49,62419,41332,35022,27397,25706,52918,20762,475082,353171,38088,120844,232143
31DEC2021,01APR2021,31MAR2022,202199,15. 50 - 54,84360,57515,45742,38618,36352,70705,25647,608898,460297,43288,151351,308598
31DEC2021,01APR2021,31MAR2022,202199,16. 55 - 59,100379,69379,54129,46250,43684,82970,28848,698481,536752,42774,168567,367480
31DEC2021,01APR2021,31MAR2022,202199,17. 60 - 64,110029,76187,58918,51111,48293,89740,29704,703964,549458,36583,165740,382922
31DEC2021,01APR2021,31MAR2022,202199,18. 65 - 69,116569,80316,63489,53080,50241,93569,30933,697147,553485,29805,159708,392374
31DEC2021,01APR2021,31MAR2022,202199,19. 70 - 74,143979,95935,81455,62524,59254,112644,39396,783014,627371,28551,178122,447512
31DEC2021,01APR2021,31MAR2022,202199,20. 75 - 79,147193,93214,90077,57116,54148,110372,43195,736390,588581,26307,164347,421648
31DEC2021,01APR2021,31MAR2022,202199,21. 80 - 84,122592,68248,86693,35899,33888,84494,42109,531495,417058,22180,116219,297523
31DEC2021,01APR2021,31MAR2022,202199,22. 85 - 89,95045,46029,76030,19015,17821,59861,37055,338001,260673,15932,71811,184884
31DEC2021,01APR2021,31MAR2022,202199,23. 90+,64819,25492,58275,6544,6093,37012,28689,164351,123862,8845,33095,87074
31DEC2021,01APR2021,31MAR2022,202199,24. unknown,16487,10224,11822,4665,4337,12978,3692,172036,151842,14645,32044,118672
30NOV2021,01APR2021,31MAR2022,202199,01. 0 - 4,120559,26986,111594,8965,7456,112491,48494,354233,267120,30416,112923,147610
30NOV2021,01APR2021,31MAR2022,202199,02. 5 - 9,23983,12738,14775,9208,8287,22994,11258,290364,216194,25617,66574,148248
30NOV2021,01APR2021,31MAR2022,202199,03. 10 - 14,23314,13362,14941,8373,7581,22095,10920,313780,238681,24614,75699,162242
30NOV2021,01APR2021,31MAR2022,202199,04. 15,5889,3081,3971,1918,1765,5573,2989,76701,57294,6076,16848,40350
30NOV2021,01APR2021,31MAR2022,202199,05. 16,5774,3091,3849,1925,1771,5237,2575,71308,53007,6329,15094,37827
30NOV2021,01APR2021,31MAR2022,202199,06. 17,6614,3543,4476,2138,1962,5917,2819,68999,51546,6564,15106,36375
30NOV2021,01APR2021,31MAR2022,202199,07. 18,7306,3686,5329,1977,1804,6362,3262,59503,43220,6958,13940,29228
30NOV2021,01APR2021,31MAR2022,202199,08. 19,8036,3848,6112,1924,1756,7046,3561,58773,43034,7150,14432,28558
30NOV2021,01APR2021,31MAR2022,202199,09. 20 - 24,50696,26738,37890,12806,11837,45521,18247,377021,282919,41818,97853,184911
30NOV2021,01APR2021,31MAR2022,202199,10. 25 - 29,71574,40638,53821,17753,16525,65198,20461,564108,430565,53076,148358,281977
30NOV2021,01APR2021,31MAR2022,202199,11. 30 - 34,86243,51186,64405,21838,20367,78425,23201,705829,541281,60300,181662,359125
30NOV2021,01APR2021,31MAR2022,202199,12. 35 - 39,75339,46815,50636,24703,23180,67029,21774,636487,484009,53884,165305,318305
30NOV2021,01APR2021,31MAR2022,202199,13. 40 - 44,65464,42995,37700,27764,26202,56738,20803,539725,407476,45938,142198,265090
30NOV2021,01APR2021,31MAR2022,202199,14. 45 - 49,69635,47156,37384,32251,30451,59346,21669,557205,425576,43827,146371,279015
30NOV2021,01APR2021,31MAR2022,202199,15. 50 - 54,92569,64156,47993,44576,42181,78009,26440,710834,550783,49360,181790,368626
30NOV2021,01APR2021,31MAR2022,202199,16. 55 - 59,109571,77082,56367,53204,50469,91470,29328,812054,638309,49169,201823,435838
30NOV2021,01APR2021,31MAR2022,202199,17. 60 - 64,119481,84460,61232,58249,55105,98437,30337,820034,653199,42199,199124,453297
30NOV2021,01APR2021,31MAR2022,202199,18. 65 - 69,126566,89182,65487,61079,57871,102862,31104,812500,658743,33995,193149,464026
30NOV2021,01APR2021,31MAR2022,202199,19. 70 - 74,156275,107116,83863,72412,68564,123774,39219,922633,754548,32674,218574,534226
30NOV2021,01APR2021,31MAR2022,202199,20. 75 - 79,155295,101366,89660,65635,62165,118547,42198,857832,700938,30078,199719,498566
30NOV2021,01APR2021,31MAR2022,202199,21. 80 - 84,127586,74360,85073,42513,40256,90044,40453,628683,507799,25065,145100,359041
30NOV2021,01APR2021,31MAR2022,202199,22. 85 - 89,96765,48597,74474,22291,20895,62255,35838,397964,315902,18209,89396,222565
30NOV2021,01APR2021,31MAR2022,202199,23. 90+,64623,26356,56927,7696,7202,37409,27925,193803,150267,10057,41006,105348
30NOV2021,01APR2021,31MAR2022,202199,24. unknown,18387,12035,12283,6104,5644,14899,3843,204441,182240,15595,38244,143320
31OCT2021,01APR2021,31MAR2022,202199,01. 0 - 4,125743,26862,117172,8571,7123,117436,51117,322301,240243,27811,101005,133587
31OCT2021,01APR2021,31MAR2022,202199,02. 5 - 9,22918,12284,13943,8975,8040,21875,10892,263997,192570,24167,59865,131603
31OCT2021,01APR2021,31MAR2022,202199,03. 10 - 14,20973,12302,12892,8081,7311,19912,9668,283836,211714,23045,68793,142364
31OCT2021,01APR2021,31MAR2022,202199,04. 15,5408,2922,3407,2001,1819,5122,2601,70149,52510,5535,15646,36765
31OCT2021,01APR2021,31MAR2022,202199,05. 16,5749,3149,3704,2045,1870,5168,2450,64508,47108,6011,13391,33626
31OCT2021,01APR2021,31MAR2022,202199,06. 17,6398,3463,4284,2114,1942,5668,2668,62701,46256,6084,13428,32764
31OCT2021,01APR2021,31MAR2022,202199,07. 18,7212,3482,5434,1778,1629,6278,3379,53597,38083,6435,12359,25687
31OCT2021,01APR2021,31MAR2022,202199,08. 19,8228,3781,6435,1793,1661,7184,3741,52900,38146,6553,12943,25175
31OCT2021,01APR2021,31MAR2022,202199,09. 20 - 24,51458,26525,39372,12086,11163,46157,18666,349062,260718,38456,90630,169982
31OCT2021,01APR2021,31MAR2022,202199,10. 25 - 29,72188,40205,55688,16500,15304,65698,20887,528343,403650,48642,140360,263059
31OCT2021,01APR2021,31MAR2022,202199,11. 30 - 34,87685,51451,67088,20597,19254,79409,23429,661376,507362,54913,171005,335936
31OCT2021,01APR2021,31MAR2022,202199,12. 35 - 39,73639,45321,51024,22615,21163,65488,21797,585754,443465,48959,151293,291821
31OCT2021,01APR2021,31MAR2022,202199,13. 40 - 44,63248,40888,37758,25490,24062,54546,20745,492428,368033,41702,129813,238035
31OCT2021,01APR2021,31MAR2022,202199,14. 45 - 49,66956,44618,37191,29765,27977,56813,21837,507840,383956,40050,133390,250387
31OCT2021,01APR2021,31MAR2022,202199,15. 50 - 54,89407,61178,47998,41409,39149,75239,26761,647244,497734,44762,165329,332025
31OCT2021,01APR2021,31MAR2022,202199,16. 55 - 59,105591,73570,55942,49649,46956,87984,29591,741693,579203,44652,185058,393519
31OCT2021,01APR2021,31MAR2022,202199,17. 60 - 64,115037,80309,60372,54665,51712,94871,30340,747857,592742,38109,182216,409749
31OCT2021,01APR2021,31MAR2022,202199,18. 65 - 69,119690,83565,63505,56185,53295,97083,30597,743418,598626,30964,177898,419377
31OCT2021,01APR2021,31MAR2022,202199,19. 70 - 74,150608,102337,82585,68023,64542,119326,39322,848074,690083,29953,201524,486896
31OCT2021,01APR2021,31MAR2022,202199,20. 75 - 79,148976,95638,88676,60300,57177,113347,42451,784853,638689,27250,184329,451930
31OCT2021,01APR2021,31MAR2022,202199,21. 80 - 84,125947,71998,85904,40043,37781,88761,41750,580606,467477,23015,134482,329319
31OCT2021,01APR2021,31MAR2022,202199,22. 85 - 89,94358,46553,73691,20667,19384,60661,36072,369489,292746,16805,84375,204465
31OCT2021,01APR2021,31MAR2022,202199,23. 90+,62608,25235,55377,7231,6754,36353,27381,179772,139687,9230,38537,97459
31OCT2021,01APR2021,31MAR2022,202199,24. unknown,17964,11333,12379,5585,5144,14651,3687,183724,163659,13933,34952,128707
30SEP2021,01APR2021,31MAR2022,202199,01. 0 - 4,120445,26338,111415,9030,7575,112655,46408,335011,248337,29555,103639,138658
30SEP2021,01APR2021,31MAR2022,202199,02. 5 - 9,23072,12863,13833,9239,8275,22119,10799,281930,206866,26067,65962,139605
30SEP2021,01APR2021,31MAR2022,202199,03. 10 - 14,21786,12676,13552,8234,7431,20711,10299,292605,217955,24394,70453,146777
30SEP2021,01APR2021,31MAR2022,202199,04. 15,5675,3077,3698,1977,1835,5341,2841,72152,54322,5629,16146,38043
30SEP2021,01APR2021,31MAR2022,202199,05. 16,5669,3071,3726,1943,1776,5115,2558,66201,47297,6523,13311,33905
30SEP2021,01APR2021,31MAR2022,202199,06. 17,6488,3373,4491,1997,1828,5728,2857,65079,47387,6507,14063,33255
30SEP2021,01APR2021,31MAR2022,202199,07. 18,7120,3547,5202,1918,1741,6209,3192,57955,41383,6742,13149,28178
30SEP2021,01APR2021,31MAR2022,202199,08. 19,7948,3823,6024,1924,1768,6988,3439,56953,41182,6922,13643,27505
30SEP2021,01APR2021,31MAR2022,202199,09. 20 - 24,51331,26577,39188,12143,11271,46053,18493,370851,275528,41027,94672,180721
30SEP2021,01APR2021,31MAR2022,202199,10. 25 - 29,73490,40678,56897,16593,15376,66871,21319,557751,422577,53002,145031,277307
30SEP2021,01APR2021,31MAR2022,202199,11. 30 - 34,88472,51690,67766,20706,19290,80291,23889,700546,534535,59254,178448,355687
30SEP2021,01APR2021,31MAR2022,202199,12. 35 - 39,75435,46505,52372,23063,21694,67047,22596,621032,468150,53189,159327,308437
30SEP2021,01APR2021,31MAR2022,202199,13. 40 - 44,64771,41657,38661,26110,24613,55733,21446,519471,388583,44728,135591,252768
30SEP2021,01APR2021,31MAR2022,202199,14. 45 - 49,69135,46059,38277,30858,29111,58633,22482,539030,406732,43176,139257,267281
30SEP2021,01APR2021,31MAR2022,202199,15. 50 - 54,90472,62043,48275,42197,39932,76139,26969,685437,524609,48744,172364,351822
30SEP2021,01APR2021,31MAR2022,202199,16. 55 - 59,105784,73748,55544,50240,47649,88247,29638,778073,603863,47790,189028,414272
30SEP2021,01APR2021,31MAR2022,202199,17. 60 - 64,114398,80605,58921,55477,52646,94840,29963,782278,617645,40753,187929,428986
30SEP2021,01APR2021,31MAR2022,202199,18. 65 - 69,121314,84912,63746,57568,54678,98389,30920,775717,622294,33189,182968,438049
30SEP2021,01APR2021,31MAR2022,202199,19. 70 - 74,151718,103333,82220,69498,66062,120542,39430,896260,727148,31794,210303,515132
30SEP2021,01APR2021,31MAR2022,202199,20. 75 - 79,149756,96508,88003,61753,58562,113686,41791,823466,667790,28825,191582,473741
30SEP2021,01APR2021,31MAR2022,202199,21. 80 - 84,125761,72548,84656,41105,38910,89226,41167,613693,493390,24509,141231,348578
30SEP2021,01APR2021,31MAR2022,202199,22. 85 - 89,94880,47402,73163,21717,20375,61478,35854,388858,307852,17557,88172,215980
30SEP2021,01APR2021,31MAR2022,202199,23. 90+,61758,25167,54241,7517,7021,36171,26884,190640,147880,9818,41212,103110
30SEP2021,01APR2021,31MAR2022,202199,24. unknown,17399,10844,11675,5724,5269,14017,3642,189612,169081,14058,35442,133580
31AUG2021,01APR2021,31MAR2022,202199,01. 0 - 4,113748,26262,105106,8642,7377,106007,41071,294549,217887,26436,91464,121293
31AUG2021,01APR2021,31MAR2022,202199,02. 5 - 9,19234,12494,10564,8670,7894,18440,7761,242142,169703,25755,54958,113907
31AUG2021,01APR2021,31MAR2022,202199,03. 10 - 14,18591,11738,10854,7737,7039,17623,7798,251626,180408,23922,55370,124608
31AUG2021,01APR2021,31MAR2022,202199,04. 15,4899,2802,3082,1817,1662,4618,2211,61749,44856,5616,12335,32422
31AUG2021,01APR2021,31MAR2022,202199,05. 16,5273,3054,3283,1990,1836,4783,2163,58896,42219,5546,11470,30696
31AUG2021,01APR2021,31MAR2022,202199,06. 17,5925,3184,3998,1927,1770,5298,2447,57722,41817,5725,11988,29778
31AUG2021,01APR2021,31MAR2022,202199,07. 18,6731,3437,4884,1847,1696,5933,2909,52532,37513,6054,11719,25749
31AUG2021,01APR2021,31MAR2022,202199,08. 19,7474,3677,5644,1830,1697,6627,3145,52555,38151,6147,12416,25697
31AUG2021,01APR2021,31MAR2022,202199,09. 20 - 24,50843,25702,39682,11161,10382,45513,18772,343488,255630,36511,88045,167464
31AUG2021,01APR2021,31MAR2022,202199,10. 25 - 29,73703,39679,58237,15466,14393,66655,21861,518140,392669,46740,134173,258302
31AUG2021,01APR2021,31MAR2022,202199,11. 30 - 34,86412,49114,67474,18938,17699,77936,24136,644339,490401,53208,162058,327999
31AUG2021,01APR2021,31MAR2022,202199,12. 35 - 39,72589,43622,51676,20913,19658,63941,22430,560011,418483,47570,140483,277665
31AUG2021,01APR2021,31MAR2022,202199,13. 40 - 44,60231,38123,36928,23303,21899,51595,20770,459218,338156,39844,117279,220674
31AUG2021,01APR2021,31MAR2022,202199,14. 45 - 49,65245,42731,37653,27592,26138,54690,22241,476470,354229,38596,120729,233290
31AUG2021,01APR2021,31MAR2022,202199,15. 50 - 54,86468,58210,47732,38736,36649,72231,27132,613069,467162,42280,152579,314114
31AUG2021,01APR2021,31MAR2022,202199,16. 55 - 59,102922,70067,56248,46674,44231,84919,30391,699993,544059,41431,169530,373924
31AUG2021,01APR2021,31MAR2022,202199,17. 60 - 64,111648,77129,59855,51793,49166,91572,30721,707234,558756,35316,168560,389518
31AUG2021,01APR2021,31MAR2022,202199,18. 65 - 69,118438,81134,64354,54084,51409,95367,31754,701906,564457,28243,164785,398443
31AUG2021,01APR2021,31MAR2022,202199,19. 70 - 74,149170,99611,84241,64929,61705,117177,40823,816869,663447,27831,191419,470309
31AUG2021,01APR2021,31MAR2022,202199,20. 75 - 79,145462,91874,88121,57341,54434,109893,42769,742477,603874,24869,173046,428399
31AUG2021,01APR2021,31MAR2022,202199,21. 80 - 84,123635,69930,85386,38249,36308,86889,41970,558177,450602,21199,129463,317930
31AUG2021,01APR2021,31MAR2022,202199,22. 85 - 89,93560,45994,73313,20247,19059,60378,36273,356459,283212,14870,81511,197711
31AUG2021,01APR2021,31MAR2022,202199,23. 90+,61302,24704,54275,7027,6545,35844,27109,175364,136891,8567,38075,95320
31AUG2021,01APR2021,31MAR2022,202199,24. unknown,17087,10870,11721,5366,4956,13731,3697,166495,148186,12482,30554,117279
31JUL2021,01APR2021,31MAR2022,202199,01. 0 - 4,119384,26700,109864,9520,8053,111167,43895,325104,241289,28220,100548,135022
31JUL2021,01APR2021,31MAR2022,202199,02. 5 - 9,21936,13437,12544,9392,8514,21018,9539,273513,196188,26234,63905,131082
31JUL2021,01APR2021,31MAR2022,202199,03. 10 - 14,21791,13145,13380,8411,7635,20661,9861,293311,214540,25409,69734,144205
31JUL2021,01APR2021,31MAR2022,202199,04. 15,5589,3074,3553,2036,1872,5230,2601,70377,51074,6101,14959,36015
31JUL2021,01APR2021,31MAR2022,202199,05. 16,5708,3377,3463,2245,2075,5218,2279,64992,46985,6150,12751,34157
31JUL2021,01APR2021,31MAR2022,202199,06. 17,6296,3366,4192,2104,1911,5609,2609,62981,45840,6119,13310,32463
31JUL2021,01APR2021,31MAR2022,202199,07. 18,6999,3620,4954,2045,1875,6181,2885,57269,41267,6432,13207,27996
31JUL2021,01APR2021,31MAR2022,202199,08. 19,8063,4027,6063,2000,1851,7132,3367,57110,41507,6664,13588,27870
31JUL2021,01APR2021,31MAR2022,202199,09. 20 - 24,54012,27514,41582,12430,11529,48281,19849,369604,274691,39537,94856,179704
31JUL2021,01APR2021,31MAR2022,202199,10. 25 - 29,77597,42062,60629,16968,15806,69952,23321,553944,419368,50480,144259,274878
31JUL2021,01APR2021,31MAR2022,202199,11. 30 - 34,90917,52115,70101,20816,19513,81798,25328,690577,524901,57260,175129,349350
31JUL2021,01APR2021,31MAR2022,202199,12. 35 - 39,77862,47590,54408,23454,22087,68901,23917,608502,456850,51386,154714,301775
31JUL2021,01APR2021,31MAR2022,202199,13. 40 - 44,66462,42253,40581,25881,24385,57051,22640,504223,375139,42800,131270,243625
31JUL2021,01APR2021,31MAR2022,202199,14. 45 - 49,71460,46968,40744,30716,29021,60282,24053,522350,392979,41291,134769,257995
31JUL2021,01APR2021,31MAR2022,202199,15. 50 - 54,94161,63804,51584,42577,40417,78998,28928,663616,507822,46187,165853,341433
31JUL2021,01APR2021,31MAR2022,202199,16. 55 - 59,109271,75960,58344,50927,48269,91256,31116,754373,586295,45537,183918,401661
31JUL2021,01APR2021,31MAR2022,202199,17. 60 - 64,118809,83109,62644,56165,53268,98185,31670,759705,601497,38407,182419,418366
31JUL2021,01APR2021,31MAR2022,202199,18. 65 - 69,125232,87215,66383,58849,55898,101835,32028,752063,605688,30490,177480,426969
31JUL2021,01APR2021,31MAR2022,202199,19. 70 - 74,159069,107812,88146,70923,67527,126154,41965,878041,715165,30071,207192,506124
31JUL2021,01APR2021,31MAR2022,202199,20. 75 - 79,153984,98608,92452,61532,58468,117039,44237,792283,644311,27170,184639,457179
31JUL2021,01APR2021,31MAR2022,202199,21. 80 - 84,130742,74854,89389,41353,39098,92646,43521,596993,482262,22700,138491,340354
31JUL2021,01APR2021,31MAR2022,202199,22. 85 - 89,98507,48911,76679,21828,20464,63776,37653,382234,303301,16437,87325,211541
31JUL2021,01APR2021,31MAR2022,202199,23. 90+,63419,25861,55988,7431,6926,37529,28107,185757,144736,9146,40859,100288
31JUL2021,01APR2021,31MAR2022,202199,24. unknown,17710,11301,12149,5561,5151,14325,3938,185979,165915,13654,34685,131165
30JUN2021,01APR2021,31MAR2022,202199,01. 0 - 4,114064,25628,104300,9764,8181,106286,42502,336894,255628,28608,105968,143627
30JUN2021,01APR2021,31MAR2022,202199,02. 5 - 9,23191,14211,13045,10146,9161,22282,9866,287167,215756,25311,70233,144265
30JUN2021,01APR2021,31MAR2022,202199,03. 10 - 14,24717,14163,15724,8993,8197,23403,11965,305794,234531,23919,77352,156503
30JUN2021,01APR2021,31MAR2022,202199,04. 15,6102,3246,3958,2144,1972,5760,2983,72504,54454,5934,15960,38378
30JUN2021,01APR2021,31MAR2022,202199,05. 16,6185,3572,3789,2396,2213,5594,2486,70489,52758,6367,14547,38143
30JUN2021,01APR2021,31MAR2022,202199,06. 17,6710,3548,4501,2209,2020,5892,2829,65730,49272,6200,14491,34703
30JUN2021,01APR2021,31MAR2022,202199,07. 18,7269,3803,5017,2252,2093,6373,2926,59850,44439,6561,14133,30237
30JUN2021,01APR2021,31MAR2022,202199,08. 19,8173,4096,6104,2069,1925,7201,3402,58952,43900,6695,14476,29379
30JUN2021,01APR2021,31MAR2022,202199,09. 20 - 24,53722,27621,40738,12984,12145,47978,19754,380887,289559,39343,100888,188519
30JUN2021,01APR2021,31MAR2022,202199,10. 25 - 29,76259,41832,58258,18001,16803,69171,23258,571364,440711,50696,153383,287112
30JUN2021,01APR2021,31MAR2022,202199,11. 30 - 34,89896,51907,67986,21910,20475,81207,25739,710661,550266,57634,184907,364873
30JUN2021,01APR2021,31MAR2022,202199,12. 35 - 39,78335,47850,53835,24500,23044,69340,24055,628451,481346,51240,163836,317198
30JUN2021,01APR2021,31MAR2022,202199,13. 40 - 44,68130,44003,40507,27623,26087,58986,22998,522309,397115,44032,139481,257315
30JUN2021,01APR2021,31MAR2022,202199,14. 45 - 49,73563,48759,40882,32681,30857,62428,24130,544626,418888,41981,144111,274600
30JUN2021,01APR2021,31MAR2022,202199,15. 50 - 54,95372,64934,51054,44318,41981,80678,29063,690769,538895,47498,177328,361104
30JUN2021,01APR2021,31MAR2022,202199,16. 55 - 59,112162,77769,59276,52886,50198,93769,31804,777204,613751,45743,192087,420978
30JUN2021,01APR2021,31MAR2022,202199,17. 60 - 64,121424,85169,63117,58307,55242,100519,31955,781032,626716,39069,189918,436207
30JUN2021,01APR2021,31MAR2022,202199,18. 65 - 69,128035,89318,67394,60641,57601,104084,32623,772301,629579,31395,183504,444684
30JUN2021,01APR2021,31MAR2022,202199,19. 70 - 74,161577,109694,89063,72514,69034,128221,42745,900830,742309,30680,213294,527317
30JUN2021,01APR2021,31MAR2022,202199,20. 75 - 79,154986,99189,92938,62048,58981,117797,44563,806786,663414,27414,187590,473273
30JUN2021,01APR2021,31MAR2022,202199,21. 80 - 84,133317,76123,90885,42432,40089,94087,44065,611635,498859,22969,141481,353903
30JUN2021,01APR2021,31MAR2022,202199,22. 85 - 89,100302,50014,78173,22129,20741,65047,38493,388616,312150,16652,88673,219135
30JUN2021,01APR2021,31MAR2022,202199,23. 90+,64272,26310,56573,7699,7163,37993,28391,189674,149413,9308,41892,104037
30JUN2021,01APR2021,31MAR2022,202199,24. unknown,17632,11288,11822,5810,5345,14354,3997,194135,174372,13663,36682,137688
31MAY2021,01APR2021,31MAR2022,202199,01. 0 - 4,109474,24822,100576,8898,7494,101768,38705,307817,239292,24074,98879,140410
31MAY2021,01APR2021,31MAR2022,202199,02. 5 - 9,22277,13001,13208,9069,8268,21319,10067,256664,198024,20506,61242,136731
31MAY2021,01APR2021,31MAR2022,202199,03. 10 - 14,24336,13221,16245,8091,7311,22939,12443,273474,216019,19379,70442,145548
31MAY2021,01APR2021,31MAR2022,202199,04. 15,6154,3034,4295,1859,1714,5799,3344,64587,50070,4649,14998,35043
31MAY2021,01APR2021,31MAR2022,202199,05. 16,5704,2917,3905,1799,1631,5151,2704,61002,45334,5021,13180,32154
31MAY2021,01APR2021,31MAR2022,202199,06. 17,6683,3369,4772,1911,1736,5887,3035,58941,44838,5164,13292,31540
31MAY2021,01APR2021,31MAR2022,202199,07. 18,6876,3388,5099,1777,1649,5999,3046,52263,39217,5435,12481,26735
31MAY2021,01APR2021,31MAR2022,202199,08. 19,7905,3786,6073,1832,1702,6985,3447,52115,39766,5465,13391,26374
31MAY2021,01APR2021,31MAR2022,202199,09. 20 - 24,52216,26283,40545,11671,10992,46645,19574,343588,266263,32938,93170,173088
31MAY2021,01APR2021,31MAR2022,202199,10. 25 - 29,74837,40443,58361,16476,15434,67588,23202,515439,405186,42194,141676,263503
31MAY2021,01APR2021,31MAR2022,202199,11. 30 - 34,89024,50953,68442,20582,19343,80636,25882,643989,508634,48242,172887,335738
31MAY2021,01APR2021,31MAR2022,202199,12. 35 - 39,76167,45837,53590,22577,21257,67733,24316,569020,444269,43213,152411,291844
31MAY2021,01APR2021,31MAR2022,202199,13. 40 - 44,66470,41438,41474,24996,23523,57495,24246,468652,363659,36575,128343,235311
31MAY2021,01APR2021,31MAR2022,202199,14. 45 - 49,71246,46177,41680,29566,28007,60199,25169,492509,385425,35830,132434,252985
31MAY2021,01APR2021,31MAR2022,202199,15. 50 - 54,91601,61413,51212,40389,38376,77001,29392,618536,490027,40011,161422,328591
31MAY2021,01APR2021,31MAR2022,202199,16. 55 - 59,105776,72364,58080,47696,45274,88111,31498,698625,560668,39141,175798,384859
31MAY2021,01APR2021,31MAR2022,202199,17. 60 - 64,113738,78526,61637,52101,49406,93529,31703,696751,565597,33208,171294,394294
31MAY2021,01APR2021,31MAR2022,202199,18. 65 - 69,120229,82375,65996,54233,51415,97394,32857,688733,568127,26435,165496,402618
31MAY2021,01APR2021,31MAR2022,202199,19. 70 - 74,153571,103172,87053,66518,63233,121525,42208,807227,671857,26150,191854,479994
31MAY2021,01APR2021,31MAR2022,202199,20. 75 - 79,146462,93112,90093,56369,53715,111160,43956,715620,595172,23235,168076,427089
31MAY2021,01APR2021,31MAR2022,202199,21. 80 - 84,127572,71783,89569,38003,35980,89390,43962,544639,448891,19629,126392,322488
31MAY2021,01APR2021,31MAR2022,202199,22. 85 - 89,96700,47498,76777,19923,18714,62431,38343,344522,279732,14106,79280,200443
31MAY2021,01APR2021,31MAR2022,202199,23. 90+,63418,25439,56499,6919,6427,37616,28732,168476,134350,7765,37239,97110
31MAY2021,01APR2021,31MAR2022,202199,24. unknown,16943,10900,11540,5403,5026,13899,3793,175842,158313,11807,32872,125394
30APR2021,01APR2021,31MAR2022,202199,01. 0 - 4,98534,24039,89730,8804,7395,91382,29986,308307,239866,23880,97215,142635
30APR2021,01APR2021,31MAR2022,202199,02. 5 - 9,20259,12451,11738,8521,7747,19312,8624,251971,193883,20692,59067,134794
30APR2021,01APR2021,31MAR2022,202199,03. 10 - 14,21900,12532,14159,7741,7061,20686,10589,261501,205191,19664,64448,140697
30APR2021,01APR2021,31MAR2022,202199,04. 15,5769,3019,3873,1896,1737,5399,2929,63132,49310,4748,14224,35085
30APR2021,01APR2021,31MAR2022,202199,05. 16,5858,3068,3908,1950,1797,5319,2718,61816,47533,5027,13301,34231
30APR2021,01APR2021,31MAR2022,202199,06. 17,6114,3328,4108,2006,1857,5453,2669,58144,44961,4936,13074,31878
30APR2021,01APR2021,31MAR2022,202199,07. 18,6634,3272,4848,1786,1660,5767,2989,52563,40177,5184,12707,27468
30APR2021,01APR2021,31MAR2022,202199,08. 19,7511,3582,5756,1755,1642,6644,3238,52291,40241,5268,13276,26965
30APR2021,01APR2021,31MAR2022,202199,09. 20 - 24,50190,25588,38579,11611,10863,44661,18774,344302,268118,32194,92765,175346
30APR2021,01APR2021,31MAR2022,202199,10. 25 - 29,71533,38943,55437,16096,15083,64608,22167,520711,410975,41118,142811,268159
30APR2021,01APR2021,31MAR2022,202199,11. 30 - 34,84364,48416,64773,19591,18385,76347,24413,650209,516203,47092,173724,342474
30APR2021,01APR2021,31MAR2022,202199,12. 35 - 39,72775,43826,51194,21581,20353,64544,23340,570698,446143,42774,151284,294850
30APR2021,01APR2021,31MAR2022,202199,13. 40 - 44,62547,39711,38192,24355,23038,53927,22030,468528,363645,35897,126236,237405
30APR2021,01APR2021,31MAR2022,202199,14. 45 - 49,69125,44641,40308,28817,27322,58338,24683,494123,387067,35314,130736,256327
30APR2021,01APR2021,31MAR2022,202199,15. 50 - 54,89634,59919,50242,39392,37361,75193,29462,619734,492764,39330,159147,333608
30APR2021,01APR2021,31MAR2022,202199,16. 55 - 59,103838,70655,57207,46631,44134,86105,31685,697391,560887,38338,172492,388386
30APR2021,01APR2021,31MAR2022,202199,17. 60 - 64,110997,76634,59952,51045,48525,91357,31497,695534,567310,32136,168200,399104
30APR2021,01APR2021,31MAR2022,202199,18. 65 - 69,117136,80361,64125,53011,50414,94267,32032,687746,568316,25770,161485,406826
30APR2021,01APR2021,31MAR2022,202199,19. 70 - 74,146357,97823,83374,62983,59933,115062,41067,803754,668613,25449,185884,482714
30APR2021,01APR2021,31MAR2022,202199,20. 75 - 79,139750,88344,86163,53587,51034,105391,42344,705756,586009,22700,161006,425000
30APR2021,01APR2021,31MAR2022,202199,21. 80 - 84,123659,69227,87175,36484,34472,86461,43305,542267,446632,19558,123350,323276
30APR2021,01APR2021,31MAR2022,202199,22. 85 - 89,94636,46045,75766,18870,17742,60692,37976,345818,280419,14219,77415,202999
30APR2021,01APR2021,31MAR2022,202199,23. 90+,62737,25214,56261,6476,6021,36824,28515,170357,135922,7900,37026,98896
30APR2021,01APR2021,31MAR2022,202199,24. unknown,16660,10536,11597,5063,4752,13785,3519,175715,158036,11600,32087,125890
31MAR2021,01APR2020,31MAR2021,202099,01. 0 - 4,98353,23776,89916,8437,7082,91609,29101,322872,251948,23788,102367,149578
31MAR2021,01APR2020,31MAR2021,202099,02. 5 - 9,19968,11667,11731,8237,7427,18997,8634,262963,200795,21360,57923,142639
31MAR2021,01APR2020,31MAR2021,202099,03. 10 - 14,21647,11877,14182,7465,6752,20365,10636,266546,207510,19118,61489,145807
31MAR2021,01APR2020,31MAR2021,202099,04. 15,5814,2920,3996,1818,1648,5445,3026,65811,51619,4523,13802,37735
31MAR2021,01APR2020,31MAR2021,202099,05. 16,5738,2958,3905,1833,1696,5199,2665,64685,50194,4877,13322,36807
31MAR2021,01APR2020,31MAR2021,202099,06. 17,6137,3103,4285,1852,1704,5398,2747,60548,46808,4985,12972,33770
31MAR2021,01APR2020,31MAR2021,202099,07. 18,6618,3230,4936,1682,1543,5765,2998,53749,41181,4998,12738,28354
31MAR2021,01APR2020,31MAR2021,202099,08. 19,7765,3628,6021,1744,1615,6802,3439,54667,42167,5223,13717,28344
31MAR2021,01APR2020,31MAR2021,202099,09. 20 - 24,50561,25502,38876,11685,10883,45058,18974,360577,281878,31744,96877,184585
31MAR2021,01APR2020,31MAR2021,202099,10. 25 - 29,71806,38722,55824,15982,14779,64836,22246,552137,437576,41593,150860,286379
31MAR2021,01APR2020,31MAR2021,202099,11. 30 - 34,85435,49078,65434,20001,18637,77072,24445,690701,548449,47265,183277,364749
31MAR2021,01APR2020,31MAR2021,202099,12. 35 - 39,73124,43991,51273,21851,20475,64742,23113,604839,475509,42546,159062,315965
31MAR2021,01APR2020,31MAR2021,202099,13. 40 - 44,62279,39452,37918,24361,22992,53619,21758,497775,387964,35813,132244,255162
31MAR2021,01APR2020,31MAR2021,202099,14. 45 - 49,68778,44618,39613,29165,27455,57626,23706,526194,413519,34987,136647,276078
31MAR2021,01APR2020,31MAR2021,202099,15. 50 - 54,89587,60043,49366,40221,37927,74805,28381,659800,524455,39977,166252,357193
31MAR2021,01APR2020,31MAR2021,202099,16. 55 - 59,104420,71149,56850,47570,44875,86383,31144,740442,596399,38296,179905,415921
31MAR2021,01APR2020,31MAR2021,202099,17. 60 - 64,113719,78383,60856,52863,49982,92836,31366,737486,601585,32375,175454,425207
31MAR2021,01APR2020,31MAR2021,202099,18. 65 - 69,120028,82439,64877,55151,52313,96305,31916,729489,602129,26416,168271,432692
31MAR2021,01APR2020,31MAR2021,202099,19. 70 - 74,150765,100884,84263,66502,62953,118252,40860,852436,708747,26221,193354,514425
31MAR2021,01APR2020,31MAR2021,202099,20. 75 - 79,142233,89458,86715,55518,52459,106494,41938,736464,610819,22472,164603,445795
31MAR2021,01APR2020,31MAR2021,202099,21. 80 - 84,125259,69591,88090,37169,34960,86933,43373,569951,465835,20097,125025,340497
31MAR2021,01APR2020,31MAR2021,202099,22. 85 - 89,95292,45746,76428,18864,17614,60285,37479,355005,285461,14395,76509,208761
31MAR2021,01APR2020,31MAR2021,202099,23. 90+,63677,25307,57052,6625,6146,36743,28182,170986,134540,8283,35926,98561
31MAR2021,01APR2020,31MAR2021,202099,24. unknown,15911,10110,10778,5133,4737,12973,3238,201151,185011,11488,63522,119666
28FEB2021,01APR2020,31MAR2021,202099,01. 0 - 4,81721,19920,75352,6369,5388,75664,22166,275399,207726,20885,83243,124303
28FEB2021,01APR2020,31MAR2021,202099,02. 5 - 9,14346,8526,8295,6051,5426,13660,6118,220728,160951,19438,44648,115890
28FEB2021,01APR2020,31MAR2021,202099,03. 10 - 14,15565,8559,10130,5435,4919,14571,7505,215888,161303,16846,43250,117542
28FEB2021,01APR2020,31MAR2021,202099,04. 15,4356,2197,2997,1359,1253,4042,2234,54060,40817,3982,10020,30627
28FEB2021,01APR2020,31MAR2021,202099,05. 16,4408,2307,2993,1415,1301,4000,2088,54609,41212,4165,10409,30676
28FEB2021,01APR2020,31MAR2021,202099,06. 17,4661,2307,3331,1330,1228,4093,2143,50375,38073,4078,10423,27553
28FEB2021,01APR2020,31MAR2021,202099,07. 18,5149,2472,3881,1268,1166,4549,2411,44601,33574,4001,10280,23202
28FEB2021,01APR2020,31MAR2021,202099,08. 19,6066,2849,4722,1344,1255,5307,2635,46037,34760,4298,11467,23184
28FEB2021,01APR2020,31MAR2021,202099,09. 20 - 24,40988,20579,32049,8939,8292,36840,15302,305567,236159,26176,82950,152716
28FEB2021,01APR2020,31MAR2021,202099,10. 25 - 29,59294,31785,47066,12228,11375,53632,18118,468641,367957,34870,129294,238161
28FEB2021,01APR2020,31MAR2021,202099,11. 30 - 34,71119,40736,55636,15483,14487,64319,19961,583175,458872,39704,156072,302184
28FEB2021,01APR2020,31MAR2021,202099,12. 35 - 39,60151,36044,43317,16834,15859,53031,18887,506707,392183,35507,133966,257549
28FEB2021,01APR2020,31MAR2021,202099,13. 40 - 44,50396,31710,31438,18958,17929,42848,17906,413032,315627,29828,109191,205731
28FEB2021,01APR2020,31MAR2021,202099,14. 45 - 49,56622,36025,33880,22742,21552,46559,20346,439090,337713,28880,113846,222844
28FEB2021,01APR2020,31MAR2021,202099,15. 50 - 54,74202,49386,42201,32001,30297,60667,24138,552649,430675,32291,138404,291138
28FEB2021,01APR2020,31MAR2021,202099,16. 55 - 59,86438,58172,49139,37299,35340,69504,26583,619269,487189,31808,148762,337039
28FEB2021,01APR2020,31MAR2021,202099,17. 60 - 64,94037,64063,52778,41259,39183,74790,27229,617392,490677,27088,145892,343550
28FEB2021,01APR2020,31MAR2021,202099,18. 65 - 69,97495,66189,55308,42187,40145,76135,27219,608573,488588,21775,138540,349110
28FEB2021,01APR2020,31MAR2021,202099,19. 70 - 74,122937,80838,71722,51215,48665,93812,34712,701302,564534,21943,152570,410994
28FEB2021,01APR2020,31MAR2021,202099,20. 75 - 79,117657,72360,75420,42237,40177,85133,36256,606213,486320,19201,127286,358173
28FEB2021,01APR2020,31MAR2021,202099,21. 80 - 84,105242,57605,76387,28855,27331,70806,37071,470401,372602,16907,97597,274416
28FEB2021,01APR2020,31MAR2021,202099,22. 85 - 89,82019,38268,67984,14035,13225,49975,32902,293446,228374,12018,59993,168132
28FEB2021,01APR2020,31MAR2021,202099,23. 90+,57710,22489,52756,4954,4612,32400,25692,140912,107207,6961,28407,78716
28FEB2021,01APR2020,31MAR2021,202099,24. unknown,13250,8064,9426,3824,3532,10356,3039,170386,156140,8888,51425,103122
31JAN2021,01APR2020,31MAR2021,202099,01. 0 - 4,82740,20017,76664,6076,5138,76521,21930,288174,207650,24330,81765,125702
31JAN2021,01APR2020,31MAR2021,202099,02. 5 - 9,13573,8012,8078,5495,4949,12873,5893,231769,159156,22726,42758,115968
31JAN2021,01APR2020,31MAR2021,202099,03. 10 - 14,14692,8122,9624,5068,4586,13743,7154,228940,161643,20035,41884,119257
31JAN2021,01APR2020,31MAR2021,202099,04. 15,3933,1947,2755,1178,1077,3661,2056,57115,41022,4618,9869,31035
31JAN2021,01APR2020,31MAR2021,202099,05. 16,3987,2082,2697,1290,1171,3658,1914,57015,40862,4765,9896,30822
31JAN2021,01APR2020,31MAR2021,202099,06. 17,4374,2201,3084,1290,1176,3953,2031,52875,38071,4670,10058,27894
31JAN2021,01APR2020,31MAR2021,202099,07. 18,4900,2393,3721,1179,1093,4339,2235,47192,33484,4628,10274,23100
31JAN2021,01APR2020,31MAR2021,202099,08. 19,5749,2732,4518,1231,1141,5125,2475,47949,34750,4834,11409,23234
31JAN2021,01APR2020,31MAR2021,202099,09. 20 - 24,40141,20077,31942,8199,7646,36287,14467,316741,235909,28400,82525,152815
31JAN2021,01APR2020,31MAR2021,202099,10. 25 - 29,59280,31875,47887,11393,10568,53991,17557,487994,371107,37544,131658,238906
31JAN2021,01APR2020,31MAR2021,202099,11. 30 - 34,70209,40028,55880,14329,13412,63369,19439,606402,461672,43570,158549,302499
31JAN2021,01APR2020,31MAR2021,202099,12. 35 - 39,59454,35275,43739,15715,14871,52114,18951,527693,392575,39096,135135,256781
31JAN2021,01APR2020,31MAR2021,202099,13. 40 - 44,49747,30803,32143,17604,16677,41691,18306,435256,317344,32700,111482,205149
31JAN2021,01APR2020,31MAR2021,202099,14. 45 - 49,56886,35586,35383,21503,20331,45941,21210,464599,340484,32569,116084,223480
31JAN2021,01APR2020,31MAR2021,202099,15. 50 - 54,75138,48664,44803,30335,28771,60557,25985,580887,431605,36705,140231,290260
31JAN2021,01APR2020,31MAR2021,202099,16. 55 - 59,88740,58297,52638,36102,34285,70304,28960,652754,490953,35817,151404,338241
31JAN2021,01APR2020,31MAR2021,202099,17. 60 - 64,95341,63702,55632,39709,37799,74843,29168,645881,491009,30626,144318,345488
31JAN2021,01APR2020,31MAR2021,202099,18. 65 - 69,99161,66006,57650,41511,39579,76632,28921,634053,488076,24733,135118,351969
31JAN2021,01APR2020,31MAR2021,202099,19. 70 - 74,123858,80395,74289,49569,47266,93332,36452,741106,572720,24995,155619,416070
31JAN2021,01APR2020,31MAR2021,202099,20. 75 - 79,117528,70504,77807,39721,37789,83591,37767,635963,486638,21972,127212,358563
31JAN2021,01APR2020,31MAR2021,202099,21. 80 - 84,108157,56446,81580,26577,25192,70751,39579,495827,372974,19512,96329,276121
31JAN2021,01APR2020,31MAR2021,202099,22. 85 - 89,86311,38350,73231,13080,12308,51267,35067,308049,226116,14365,58489,167381
31JAN2021,01APR2020,31MAR2021,202099,23. 90+,61292,22610,56856,4436,4182,33641,27323,148240,106140,8112,27470,78588
31JAN2021,01APR2020,31MAR2021,202099,24. unknown,13595,7798,10126,3469,3240,10116,3489,173404,158022,9907,51245,105245
31DEC2020,01APR2020,31MAR2021,202099,01. 0 - 4,90500,22571,82572,7928,6703,83846,27451,281221,207881,24573,82402,125345
31DEC2020,01APR2020,31MAR2021,202099,02. 5 - 9,18018,10690,10321,7697,6945,17198,7571,229503,163629,22727,45734,117590
31DEC2020,01APR2020,31MAR2021,202099,03. 10 - 14,18512,10895,11538,6974,6367,17450,8416,237224,174984,20156,50012,124478
31DEC2020,01APR2020,31MAR2021,202099,04. 15,4977,2704,3242,1735,1605,4669,2386,59418,44048,4851,11715,32194
31DEC2020,01APR2020,31MAR2021,202099,05. 16,4948,2849,3174,1774,1634,4482,2105,57786,42518,5071,10979,31440
31DEC2020,01APR2020,31MAR2021,202099,06. 17,5373,2964,3551,1822,1687,4843,2228,53055,39220,5047,10992,28095
31DEC2020,01APR2020,31MAR2021,202099,07. 18,5485,2920,3854,1631,1500,4820,2201,47853,35015,5300,10563,24340
31DEC2020,01APR2020,31MAR2021,202099,08. 19,6562,3348,4943,1619,1514,5864,2639,48678,36178,5345,11682,24379
31DEC2020,01APR2020,31MAR2021,202099,09. 20 - 24,43886,22859,33906,9980,9237,39415,15437,316338,240698,31307,81855,158376
31DEC2020,01APR2020,31MAR2021,202099,10. 25 - 29,63455,35514,49424,14031,13077,57876,18221,484053,374439,40971,129334,244703
31DEC2020,01APR2020,31MAR2021,202099,11. 30 - 34,74080,43361,56627,17453,16270,67271,20190,602396,467387,46361,157157,309777
31DEC2020,01APR2020,31MAR2021,202099,12. 35 - 39,63255,38469,44251,19004,17791,56054,19625,521844,398452,41465,134704,263113
31DEC2020,01APR2020,31MAR2021,202099,13. 40 - 44,53873,34565,32696,21177,19922,46306,18399,428588,323627,34794,112482,210540
31DEC2020,01APR2020,31MAR2021,202099,14. 45 - 49,61957,40829,35740,26217,24836,51884,20915,461851,351296,34962,118216,232221
31DEC2020,01APR2020,31MAR2021,202099,15. 50 - 54,80492,54805,44711,35781,33893,67072,25185,577151,445021,38964,143089,300918
31DEC2020,01APR2020,31MAR2021,202099,16. 55 - 59,93656,64015,52089,41567,39380,76886,27952,647487,506324,37703,154541,350623
31DEC2020,01APR2020,31MAR2021,202099,17. 60 - 64,101173,69640,55290,45883,43453,82024,28110,646054,511273,32429,151075,359123
31DEC2020,01APR2020,31MAR2021,202099,18. 65 - 69,107203,73746,59387,47816,45455,85480,28960,641718,514658,26243,144921,368785
31DEC2020,01APR2020,31MAR2021,202099,19. 70 - 74,136356,90886,78858,57498,54630,106076,37909,753174,608621,26181,166554,441080
31DEC2020,01APR2020,31MAR2021,202099,20. 75 - 79,130443,80656,83141,47302,44963,95946,39721,651573,523896,22729,141035,382050
31DEC2020,01APR2020,31MAR2021,202099,21. 80 - 84,118215,64609,85684,32531,30793,80076,41251,512936,408069,19724,114578,292942
31DEC2020,01APR2020,31MAR2021,202099,22. 85 - 89,93739,43260,77654,16085,15076,56916,37251,315455,245825,14185,68394,177190
31DEC2020,01APR2020,31MAR2021,202099,23. 90+,64012,24259,58626,5386,5045,35689,28545,150590,115087,7705,31738,83274
31DEC2020,01APR2020,31MAR2021,202099,24. unknown,13961,8673,9814,4147,3820,10881,3376,179166,163693,10250,54403,107957
30NOV2020,01APR2020,31MAR2021,202099,01. 0 - 4,94935,23312,86530,8405,7142,88113,28397,320775,240192,27002,94211,145829
30NOV2020,01APR2020,31MAR2021,202099,02. 5 - 9,19219,11432,10926,8293,7531,18321,7950,266633,196183,23897,53953,141900
30NOV2020,01APR2020,31MAR2021,202099,03. 10 - 14,20980,11762,13382,7598,6927,19767,9994,269837,204380,21291,59034,144857
30NOV2020,01APR2020,31MAR2021,202099,04. 15,5373,2718,3727,1646,1506,5064,2781,65283,48967,5168,12897,35953
30NOV2020,01APR2020,31MAR2021,202099,05. 16,5261,2832,3495,1766,1614,4792,2393,63146,47162,5339,12248,34819
30NOV2020,01APR2020,31MAR2021,202099,06. 17,5892,3084,4034,1858,1674,5266,2461,59649,44621,5467,12397,32095
30NOV2020,01APR2020,31MAR2021,202099,07. 18,6221,3143,4578,1643,1511,5410,2669,50875,37530,5464,11565,25872
30NOV2020,01APR2020,31MAR2021,202099,08. 19,7404,3697,5664,1740,1626,6576,3195,51994,38944,5639,12806,26014
30NOV2020,01APR2020,31MAR2021,202099,09. 20 - 24,46712,24419,35669,11043,10235,41918,16367,336497,258377,33116,88504,169414
30NOV2020,01APR2020,31MAR2021,202099,10. 25 - 29,66416,37426,50810,15606,14564,60460,19292,510888,398282,43203,138313,259416
30NOV2020,01APR2020,31MAR2021,202099,11. 30 - 34,78472,46303,59242,19230,18005,71082,21342,631980,494389,48358,167435,326280
30NOV2020,01APR2020,31MAR2021,202099,12. 35 - 39,67117,42053,45808,21309,20012,59777,20020,556547,429178,44066,145542,282839
30NOV2020,01APR2020,31MAR2021,202099,13. 40 - 44,57878,37694,34253,23625,22201,50085,18924,467127,356993,37477,123064,233166
30NOV2020,01APR2020,31MAR2021,202099,14. 45 - 49,65491,43900,36356,29135,27437,55453,21059,507318,391218,38045,129804,260482
30NOV2020,01APR2020,31MAR2021,202099,15. 50 - 54,84276,57497,45872,38404,36221,70389,25146,630798,491855,42453,157466,333090
30NOV2020,01APR2020,31MAR2021,202099,16. 55 - 59,97870,68027,52420,45450,43023,80970,27424,706499,557743,41695,169365,386947
30NOV2020,01APR2020,31MAR2021,202099,17. 60 - 64,104820,73162,55271,49549,46937,85684,27230,702277,561506,34723,166586,393623
30NOV2020,01APR2020,31MAR2021,202099,18. 65 - 69,111688,78082,59478,52210,49607,90067,28329,700789,568102,28127,161600,405312
30NOV2020,01APR2020,31MAR2021,202099,19. 70 - 74,141106,95421,78865,62241,59120,110529,36567,822702,670266,28345,185914,483209
30NOV2020,01APR2020,31MAR2021,202099,20. 75 - 79,133210,83913,81747,51463,48708,99350,38234,712567,577889,24913,158411,418548
30NOV2020,01APR2020,31MAR2021,202099,21. 80 - 84,119919,66513,84751,35168,33244,82138,40073,550687,441259,21747,120864,319678
30NOV2020,01APR2020,31MAR2021,202099,22. 85 - 89,90586,43259,72711,17875,16798,56582,34826,339368,267294,15271,73435,193572
30NOV2020,01APR2020,31MAR2021,202099,23. 90+,59924,23236,53833,6091,5680,33904,25901,162235,124757,8479,34154,90534
30NOV2020,01APR2020,31MAR2021,202099,24. unknown,16168,10325,11047,5121,4708,12806,3525,194937,177544,11628,60821,115251
31OCT2020,01APR2020,31MAR2021,202099,01. 0 - 4,101389,24190,93123,8266,7025,93922,30428,312173,231906,25269,91434,140299
31OCT2020,01APR2020,31MAR2021,202099,02. 5 - 9,20270,12119,11553,8717,7839,19274,8410,262953,191899,23113,52781,138741
31OCT2020,01APR2020,31MAR2021,202099,03. 10 - 14,21133,12105,13408,7725,6984,19908,9906,264258,199299,20434,58529,140263
31OCT2020,01APR2020,31MAR2021,202099,04. 15,5669,2954,3801,1868,1689,5329,2831,65135,49306,4949,13372,35795
31OCT2020,01APR2020,31MAR2021,202099,05. 16,5513,3091,3623,1890,1745,5016,2434,62501,46351,5354,12404,33843
31OCT2020,01APR2020,31MAR2021,202099,06. 17,6043,3260,4120,1923,1737,5379,2513,58205,43412,5265,12259,31021
31OCT2020,01APR2020,31MAR2021,202099,07. 18,6389,3139,4788,1601,1483,5535,2766,49770,36430,5235,11355,24946
31OCT2020,01APR2020,31MAR2021,202099,08. 19,7195,3623,5479,1716,1585,6338,3034,49991,37259,5266,12217,24953
31OCT2020,01APR2020,31MAR2021,202099,09. 20 - 24,48841,25679,37362,11479,10658,43723,17165,331338,253070,31996,87695,164927
31OCT2020,01APR2020,31MAR2021,202099,10. 25 - 29,70507,39783,54541,15966,14873,64060,20542,506663,394025,41548,136618,256940
31OCT2020,01APR2020,31MAR2021,202099,11. 30 - 34,81936,48950,62477,19459,18146,74548,22141,626019,488483,46442,165403,322505
31OCT2020,01APR2020,31MAR2021,202099,12. 35 - 39,70113,43878,48008,22105,20802,62546,20662,550948,423029,42363,144408,277990
31OCT2020,01APR2020,31MAR2021,202099,13. 40 - 44,60427,39301,36284,24143,22705,52188,19672,456481,347067,36018,120280,226124
31OCT2020,01APR2020,31MAR2021,202099,14. 45 - 49,68596,45679,38852,29744,27961,57929,22076,496692,380433,36610,127351,252144
31OCT2020,01APR2020,31MAR2021,202099,15. 50 - 54,88340,60035,48966,39374,37062,73627,26681,616432,478641,40687,153834,323646
31OCT2020,01APR2020,31MAR2021,202099,16. 55 - 59,101249,69813,55186,46063,43459,83777,28419,691442,542217,39756,166281,374598
31OCT2020,01APR2020,31MAR2021,202099,17. 60 - 64,108713,75494,58796,49917,47255,89159,28968,690445,549174,33542,163849,384086
31OCT2020,01APR2020,31MAR2021,202099,18. 65 - 69,114959,79626,62895,52064,49286,92773,29833,693298,559331,27097,159989,398342
31OCT2020,01APR2020,31MAR2021,202099,19. 70 - 74,148196,99492,84619,63577,60252,116169,39157,820750,667141,26757,185615,480393
31OCT2020,01APR2020,31MAR2021,202099,20. 75 - 79,139828,87920,87007,52821,50019,104474,40265,711072,576760,23429,159133,416793
31OCT2020,01APR2020,31MAR2021,202099,21. 80 - 84,125383,70160,88581,36802,34801,87286,42387,558443,447607,20589,124205,322833
31OCT2020,01APR2020,31MAR2021,202099,22. 85 - 89,94839,45291,76187,18652,17475,60003,36879,346068,272770,14630,76132,196335
31OCT2020,01APR2020,31MAR2021,202099,23. 90+,62595,24683,56170,6425,5983,36032,27649,166915,129140,8075,35557,93508
31OCT2020,01APR2020,31MAR2021,202099,24. unknown,16600,10721,11367,5233,4883,13371,3611,191633,172363,13058,59837,111219
30SEP2020,01APR2020,31MAR2021,202099,01. 0 - 4,99967,22846,91972,7995,6772,92954,31066,316873,234960,24906,92561,142203
30SEP2020,01APR2020,31MAR2021,202099,02. 5 - 9,21800,11634,13881,7919,7064,20623,10710,263069,191996,22149,54710,136930
30SEP2020,01APR2020,31MAR2021,202099,03. 10 - 14,20570,11075,14051,6519,5857,19371,10763,254665,191067,19299,56583,134002
30SEP2020,01APR2020,31MAR2021,202099,04. 15,5509,2750,3849,1660,1526,5153,2938,61701,46239,4797,12734,33389
30SEP2020,01APR2020,31MAR2021,202099,05. 16,5050,2607,3476,1574,1441,4513,2404,58652,42681,5228,11318,31249
30SEP2020,01APR2020,31MAR2021,202099,06. 17,5873,3030,4172,1701,1571,5210,2638,55822,41362,5131,11663,29566
30SEP2020,01APR2020,31MAR2021,202099,07. 18,6353,3137,4734,1619,1503,5528,2705,50469,37048,5279,11257,25692
30SEP2020,01APR2020,31MAR2021,202099,08. 19,7251,3530,5621,1630,1503,6373,3038,51193,38315,5421,12490,25723
30SEP2020,01APR2020,31MAR2021,202099,09. 20 - 24,48118,24767,37887,10231,9470,42738,17615,327668,250572,31364,86127,164010
30SEP2020,01APR2020,31MAR2021,202099,10. 25 - 29,69094,37998,54857,14237,13186,62411,20969,501419,388881,41445,133676,254731
30SEP2020,01APR2020,31MAR2021,202099,11. 30 - 34,79564,46347,61952,17612,16443,71712,22517,615780,479377,45732,160898,317959
30SEP2020,01APR2020,31MAR2021,202099,12. 35 - 39,67570,41178,47836,19734,18494,59737,21177,542188,415616,41399,140094,274937
30SEP2020,01APR2020,31MAR2021,202099,13. 40 - 44,57979,36589,36172,21807,20431,49662,20196,446023,338093,35334,114965,222507
30SEP2020,01APR2020,31MAR2021,202099,14. 45 - 49,65944,42810,38791,27153,25483,55107,22509,488683,373892,35712,123557,249512
30SEP2020,01APR2020,31MAR2021,202099,15. 50 - 54,83243,55377,47406,35837,33695,68969,26383,604199,467179,39670,148757,317441
30SEP2020,01APR2020,31MAR2021,202099,16. 55 - 59,95984,65077,53808,42176,39695,78936,28264,675290,527453,38847,159815,366647
30SEP2020,01APR2020,31MAR2021,202099,17. 60 - 64,102229,69862,56953,45276,42721,83022,28531,672566,532765,32602,155959,375867
30SEP2020,01APR2020,31MAR2021,202099,18. 65 - 69,109748,74112,61655,48093,45342,87427,29639,678606,544828,26307,153303,390714
30SEP2020,01APR2020,31MAR2021,202099,19. 70 - 74,140281,92676,81847,58434,55272,109140,38772,805277,652600,26269,178751,472930
30SEP2020,01APR2020,31MAR2021,202099,20. 75 - 79,132652,81943,83801,48851,46113,98591,39688,703272,569498,22842,154832,413981
30SEP2020,01APR2020,31MAR2021,202099,21. 80 - 84,121323,66866,86746,34577,32524,83782,41933,553145,442976,20201,121419,321069
30SEP2020,01APR2020,31MAR2021,202099,22. 85 - 89,92088,43802,74883,17205,16108,58000,36657,341946,269671,13835,74588,194857
30SEP2020,01APR2020,31MAR2021,202099,23. 90+,62442,24526,56207,6235,5785,36025,27921,164146,127067,7583,34777,92196
30SEP2020,01APR2020,31MAR2021,202099,24. unknown,15304,9656,10520,4784,4407,12333,3404,186446,166592,13125,58558,107034
31AUG2020,01APR2020,31MAR2021,202099,01. 0 - 4,90964,21649,84116,6848,5849,84316,24604,261619,195337,19426,77399,117764
31AUG2020,01APR2020,31MAR2021,202099,02. 5 - 9,17067,10271,10735,6332,5700,16194,7976,207116,148135,18491,43018,104805
31AUG2020,01APR2020,31MAR2021,202099,03. 10 - 14,16611,9591,11153,5458,4948,15581,8222,195738,143688,15901,40048,103308
31AUG2020,01APR2020,31MAR2021,202099,04. 15,4291,2213,2994,1297,1186,4016,2182,47818,35386,3736,8901,26384
31AUG2020,01APR2020,31MAR2021,202099,05. 16,4668,2475,3272,1396,1290,4236,2258,48482,35831,3854,9015,26729
31AUG2020,01APR2020,31MAR2021,202099,06. 17,5442,2684,4034,1408,1306,4858,2543,45399,33906,3869,9161,24641
31AUG2020,01APR2020,31MAR2021,202099,07. 18,6233,2978,4856,1377,1275,5421,2832,42071,31337,4067,9552,21702
31AUG2020,01APR2020,31MAR2021,202099,08. 19,7119,3320,5774,1345,1230,6248,3188,43349,32626,4338,10617,21914
31AUG2020,01APR2020,31MAR2021,202099,09. 20 - 24,47332,23199,38688,8644,7998,42097,18196,277152,213253,24929,71917,141010
31AUG2020,01APR2020,31MAR2021,202099,10. 25 - 29,67037,35195,55371,11666,10813,60477,21693,428493,335343,32858,112833,222105
31AUG2020,01APR2020,31MAR2021,202099,11. 30 - 34,74654,42004,60676,13978,12963,67234,22597,520307,406109,36606,134642,271081
31AUG2020,01APR2020,31MAR2021,202099,12. 35 - 39,62634,36649,47053,15581,14613,54981,21126,448208,343677,32753,114021,229260
31AUG2020,01APR2020,31MAR2021,202099,13. 40 - 44,51423,30697,34757,16666,15564,43599,20025,356291,268200,27238,90400,177403
31AUG2020,01APR2020,31MAR2021,202099,14. 45 - 49,58154,35869,37118,21036,19742,48034,22222,391487,297999,27709,98588,198840
31AUG2020,01APR2020,31MAR2021,202099,15. 50 - 54,73860,47234,45347,28513,26860,60769,26386,489082,377584,30436,119721,257210
31AUG2020,01APR2020,31MAR2021,202099,16. 55 - 59,85312,55612,51618,33694,31760,69417,28451,548198,428118,29349,129698,297704
31AUG2020,01APR2020,31MAR2021,202099,17. 60 - 64,91092,60099,54323,36769,34713,73335,28528,546502,432459,24587,126496,305327
31AUG2020,01APR2020,31MAR2021,202099,18. 65 - 69,97809,64477,58539,39270,37209,77365,29389,557019,446756,20054,124232,321997
31AUG2020,01APR2020,31MAR2021,202099,19. 70 - 74,125966,80261,78702,47264,44811,96462,38658,663075,536712,19876,146516,389540
31AUG2020,01APR2020,31MAR2021,202099,20. 75 - 79,120356,71753,80402,39954,37725,88295,39630,579382,468652,17172,127501,340662
31AUG2020,01APR2020,31MAR2021,202099,21. 80 - 84,110983,58600,83128,27855,26110,75763,41572,459119,367590,14703,100609,266680
31AUG2020,01APR2020,31MAR2021,202099,22. 85 - 89,85238,38957,71242,13996,13110,53186,35475,288547,228134,10363,62928,165009
31AUG2020,01APR2020,31MAR2021,202099,23. 90+,56480,21563,51478,5002,4642,32938,26278,141105,110667,5572,30137,80484
31AUG2020,01APR2020,31MAR2021,202099,24. unknown,15814,10191,11471,4343,4066,13239,3334,160151,140421,11927,51974,87319
31JUL2020,01APR2020,31MAR2021,202099,01. 0 - 4,91767,22379,84711,7056,5887,85021,23284,297164,225234,19753,87607,137593
31JUL2020,01APR2020,31MAR2021,202099,02. 5 - 9,16324,10003,10109,6215,5612,15490,7521,230831,168426,17574,47023,121391
31JUL2020,01APR2020,31MAR2021,202099,03. 10 - 14,16470,9434,11236,5234,4809,15372,8329,220712,165091,15872,44062,121016
31JUL2020,01APR2020,31MAR2021,202099,04. 15,4309,2219,3053,1256,1153,3999,2270,54303,41000,3875,9894,31099
31JUL2020,01APR2020,31MAR2021,202099,05. 16,4742,2363,3418,1324,1209,4225,2370,55088,41375,4046,9963,31409
31JUL2020,01APR2020,31MAR2021,202099,06. 17,5474,2637,4152,1322,1226,4769,2593,50185,38016,4039,9995,28008
31JUL2020,01APR2020,31MAR2021,202099,07. 18,6107,2881,4828,1279,1181,5291,2824,45538,34406,4054,10205,24198
31JUL2020,01APR2020,31MAR2021,202099,08. 19,7318,3326,5979,1339,1216,6373,3303,47507,36348,4264,11296,25041
31JUL2020,01APR2020,31MAR2021,202099,09. 20 - 24,47872,23241,39342,8530,7855,42454,18844,304420,236823,25421,78617,158168
31JUL2020,01APR2020,31MAR2021,202099,10. 25 - 29,68131,35662,56721,11410,10419,61325,22230,469854,369864,33480,124112,245686
31JUL2020,01APR2020,31MAR2021,202099,11. 30 - 34,76405,42669,62669,13736,12647,68569,23337,569586,448658,36964,146162,302396
31JUL2020,01APR2020,31MAR2021,202099,12. 35 - 39,63629,36947,48361,15268,14193,55740,21851,494182,383089,33406,124904,258118
31JUL2020,01APR2020,31MAR2021,202099,13. 40 - 44,51695,30850,35386,16309,15189,43601,20346,395099,302177,27335,99619,202461
31JUL2020,01APR2020,31MAR2021,202099,14. 45 - 49,59264,36514,38193,21071,19698,48783,23160,433105,333608,28003,107682,225798
31JUL2020,01APR2020,31MAR2021,202099,15. 50 - 54,74727,47357,46591,28136,26420,60779,27066,534106,415609,30697,128939,286499
31JUL2020,01APR2020,31MAR2021,202099,16. 55 - 59,85541,55612,52192,33349,31368,69051,29004,595562,468829,29292,138169,330475
31JUL2020,01APR2020,31MAR2021,202099,17. 60 - 64,91374,59986,55213,36161,34055,72565,29043,591089,469653,24555,132381,337085
31JUL2020,01APR2020,31MAR2021,202099,18. 65 - 69,98563,64888,59508,39055,37021,77320,30318,600415,483182,19334,130049,352950
31JUL2020,01APR2020,31MAR2021,202099,19. 70 - 74,124455,78960,77877,46578,44022,94620,38473,706962,571249,19406,149661,421310
31JUL2020,01APR2020,31MAR2021,202099,20. 75 - 79,118407,70603,80121,38286,36273,85907,39469,615902,496902,16831,129485,367174
31JUL2020,01APR2020,31MAR2021,202099,21. 80 - 84,109664,57913,83437,26227,24715,73726,41700,486245,388776,14427,102268,286320
31JUL2020,01APR2020,31MAR2021,202099,22. 85 - 89,84992,38763,72010,12982,12193,52202,35825,304247,240032,10077,63199,176738
31JUL2020,01APR2020,31MAR2021,202099,23. 90+,56950,22182,52247,4703,4369,33041,26692,146684,114867,5229,30071,84764
31JUL2020,01APR2020,31MAR2021,202099,24. unknown,16088,10177,12047,4041,3738,13329,3367,180425,158109,13759,54843,100210
30JUN2020,01APR2020,31MAR2021,202099,01. 0 - 4,85556,19183,80175,5381,4461,79149,21706,276116,212270,16032,81533,130681
30JUN2020,01APR2020,31MAR2021,202099,02. 5 - 9,13850,7624,9202,4648,4173,13126,7214,209022,154297,14097,41676,112608
30JUN2020,01APR2020,31MAR2021,202099,03. 10 - 14,14231,7523,10159,4072,3702,13265,7858,198867,149691,13135,38405,111277
30JUN2020,01APR2020,31MAR2021,202099,04. 15,3666,1725,2691,975,894,3447,2097,47234,35366,3249,8406,26960
30JUN2020,01APR2020,31MAR2021,202099,05. 16,3858,1875,2839,1019,938,3523,2065,47642,35738,3238,8567,27170
30JUN2020,01APR2020,31MAR2021,202099,06. 17,4557,2163,3538,1019,948,4016,2242,43742,32919,3196,8863,24044
30JUN2020,01APR2020,31MAR2021,202099,07. 18,5027,2220,4126,901,837,4357,2433,39378,29579,3234,9063,20509
30JUN2020,01APR2020,31MAR2021,202099,08. 19,6149,2744,5159,990,925,5360,2775,42150,32079,3423,10279,21790
30JUN2020,01APR2020,31MAR2021,202099,09. 20 - 24,41490,19483,35340,6150,5660,36685,16630,281363,218585,21093,73250,145290
30JUN2020,01APR2020,31MAR2021,202099,10. 25 - 29,60332,30836,51826,8506,7896,54050,19898,440464,347800,28300,117924,229807
30JUN2020,01APR2020,31MAR2021,202099,11. 30 - 34,67603,37027,57355,10248,9524,60560,21027,531384,418869,31347,138275,280518
30JUN2020,01APR2020,31MAR2021,202099,12. 35 - 39,55592,31252,44358,11234,10530,48298,20055,455675,352970,28083,115399,237502
30JUN2020,01APR2020,31MAR2021,202099,13. 40 - 44,44855,25767,32529,12326,11645,37161,18843,363737,276655,23036,91662,184903
30JUN2020,01APR2020,31MAR2021,202099,14. 45 - 49,50391,29843,34402,15989,15010,40605,21234,399485,305398,23275,97286,208022
30JUN2020,01APR2020,31MAR2021,202099,15. 50 - 54,63168,38316,41734,21434,20161,50505,24959,487059,377096,25038,114645,262285
30JUN2020,01APR2020,31MAR2021,202099,16. 55 - 59,73564,45810,47896,25668,24267,57999,27124,543273,424743,24001,122021,302540
30JUN2020,01APR2020,31MAR2021,202099,17. 60 - 64,78381,49557,50246,28135,26547,60780,26973,534656,420705,19842,114605,305941
30JUN2020,01APR2020,31MAR2021,202099,18. 65 - 69,83610,52543,54063,29547,27964,63198,27753,539321,428205,16081,109826,318195
30JUN2020,01APR2020,31MAR2021,202099,19. 70 - 74,106441,64522,71423,35018,33197,78318,36105,629493,500725,15470,124235,376227
30JUN2020,01APR2020,31MAR2021,202099,20. 75 - 79,102114,57618,74156,27958,26499,71079,37248,541673,429261,13727,105091,323963
30JUN2020,01APR2020,31MAR2021,202099,21. 80 - 84,96999,48458,78285,18714,17710,62581,39327,427060,334977,11477,82196,252640
30JUN2020,01APR2020,31MAR2021,202099,22. 85 - 89,77287,34011,68132,9155,8647,46003,34074,266086,206613,8039,51412,155139
30JUN2020,01APR2020,31MAR2021,202099,23. 90+,52884,19919,49641,3243,3026,29970,25245,129897,100192,4171,25200,74975
30JUN2020,01APR2020,31MAR2021,202099,24. unknown,13882,8138,11462,2420,2170,11053,3245,158177,138449,11582,46203,91437
31MAY2020,01APR2020,31MAR2021,202099,01. 0 - 4,83254,17025,79430,3824,3186,77035,21220,229446,167315,11740,63359,103920
31MAY2020,01APR2020,31MAR2021,202099,02. 5 - 9,11800,5934,8401,3399,3000,11114,6764,173540,119763,9582,32087,87669
31MAY2020,01APR2020,31MAR2021,202099,03. 10 - 14,11753,5915,8743,3010,2713,10922,6915,166917,116397,9335,28974,87423
31MAY2020,01APR2020,31MAR2021,202099,04. 15,2954,1352,2263,691,637,2755,1761,40006,27711,2320,6385,21326
31MAY2020,01APR2020,31MAR2021,202099,05. 16,3177,1530,2350,827,755,2900,1694,38753,26949,2322,6356,20593
31MAY2020,01APR2020,31MAR2021,202099,06. 17,3698,1654,2947,751,692,3265,1926,35822,25016,2329,6382,18619
31MAY2020,01APR2020,31MAR2021,202099,07. 18,4218,1798,3576,642,586,3702,2068,32531,22464,2296,6668,15792
31MAY2020,01APR2020,31MAR2021,202099,08. 19,5320,2283,4567,753,692,4641,2356,35446,25468,2548,8044,17419
31MAY2020,01APR2020,31MAR2021,202099,09. 20 - 24,36278,16663,31884,4394,4049,32357,14363,236361,176784,15684,57721,119030
31MAY2020,01APR2020,31MAR2021,202099,10. 25 - 29,53893,27388,47893,6000,5526,48599,17495,372052,285000,21160,92917,192028
31MAY2020,01APR2020,31MAR2021,202099,11. 30 - 34,60436,32659,53320,7116,6616,54473,18651,449544,342901,23623,109305,233512
31MAY2020,01APR2020,31MAR2021,202099,12. 35 - 39,47915,26542,40008,7907,7390,41962,17422,381437,282713,20951,89417,193241
31MAY2020,01APR2020,31MAR2021,202099,13. 40 - 44,35733,19580,27485,8248,7706,29475,16165,294290,210217,16536,66653,143502
31MAY2020,01APR2020,31MAR2021,202099,14. 45 - 49,40879,22743,29982,10897,10213,32434,18974,323403,230807,16594,70609,160126
31MAY2020,01APR2020,31MAR2021,202099,15. 50 - 54,51397,29617,36680,14717,13799,40436,22563,395426,286279,18031,83465,202674
31MAY2020,01APR2020,31MAR2021,202099,16. 55 - 59,59617,35373,41894,17723,16678,46102,24550,442017,323691,17119,88256,235283
31MAY2020,01APR2020,31MAR2021,202099,17. 60 - 64,63138,38016,43917,19221,18027,47897,24551,432594,318190,14534,81695,236397
31MAY2020,01APR2020,31MAR2021,202099,18. 65 - 69,67513,39854,47639,19874,18679,49940,25497,438349,325162,11831,78357,246659
31MAY2020,01APR2020,31MAR2021,202099,19. 70 - 74,85060,48487,61763,23297,21894,60949,32350,506547,375671,11488,87051,288417
31MAY2020,01APR2020,31MAR2021,202099,20. 75 - 79,82999,43741,65131,17868,16842,56165,33897,433476,320300,9938,73507,246624
31MAY2020,01APR2020,31MAR2021,202099,21. 80 - 84,81255,37713,69474,11781,11062,51123,35894,342713,250768,8409,57266,193409
31MAY2020,01APR2020,31MAR2021,202099,22. 85 - 89,66703,27265,61084,5619,5262,39187,31322,212615,153993,5811,35978,117965
31MAY2020,01APR2020,31MAR2021,202099,23. 90+,46964,16559,44902,2062,1939,26640,23265,105632,76822,3096,18425,58384
31MAY2020,01APR2020,31MAR2021,202099,24. unknown,11507,6597,10036,1471,1296,8913,2852,115018,99117,8768,34256,63409
30APR2020,01APR2020,31MAR2021,202099,01. 0 - 4,75543,14787,72462,3081,2655,69930,17815,239356,150680,10401,56570,94070
30APR2020,01APR2020,31MAR2021,202099,02. 5 - 9,9344,4834,6523,2821,2561,8833,5327,189768,110326,8456,28566,81752
30APR2020,01APR2020,31MAR2021,202099,03. 10 - 14,8714,4642,6137,2577,2399,8155,4799,187010,109019,8378,25237,83779
30APR2020,01APR2020,31MAR2021,202099,04. 15,2351,1150,1698,653,601,2212,1306,46268,26591,2096,5533,21058
30APR2020,01APR2020,31MAR2021,202099,05. 16,2404,1210,1715,689,648,2206,1216,45783,26484,2100,5541,20941
30APR2020,01APR2020,31MAR2021,202099,06. 17,2879,1356,2189,690,642,2578,1323,41066,23841,2091,5460,18379
30APR2020,01APR2020,31MAR2021,202099,07. 18,3249,1480,2680,569,536,2853,1472,37610,21815,2287,6073,15740
30APR2020,01APR2020,31MAR2021,202099,08. 19,4191,1942,3522,669,630,3717,1717,39759,24368,2584,6976,17390
30APR2020,01APR2020,31MAR2021,202099,09. 20 - 24,28721,13909,24948,3773,3524,25934,10148,254607,168180,15714,51456,116702
30APR2020,01APR2020,31MAR2021,202099,10. 25 - 29,44077,23250,39037,5040,4701,40084,12624,393286,269828,21597,84450,185354
30APR2020,01APR2020,31MAR2021,202099,11. 30 - 34,49640,28029,43536,6104,5656,45008,13495,474575,324521,23783,99837,224629
30APR2020,01APR2020,31MAR2021,202099,12. 35 - 39,39566,22144,33224,6342,5932,34547,13446,409078,265433,20957,79188,186185
30APR2020,01APR2020,31MAR2021,202099,13. 40 - 44,29035,15779,22275,6760,6367,23747,12579,318778,192333,15411,56834,135445
30APR2020,01APR2020,31MAR2021,202099,14. 45 - 49,34217,18432,25117,9100,8518,26595,15458,354627,211597,15557,59021,152491
30APR2020,01APR2020,31MAR2021,202099,15. 50 - 54,43712,24139,31443,12269,11546,33595,18766,437380,265342,17058,71376,193859
30APR2020,01APR2020,31MAR2021,202099,16. 55 - 59,51619,29571,36593,15026,14093,39012,20778,486119,299402,16465,75337,223918
30APR2020,01APR2020,31MAR2021,202099,17. 60 - 64,53837,30670,38432,15405,14448,39745,20877,479296,296044,13903,71102,224819
30APR2020,01APR2020,31MAR2021,202099,18. 65 - 69,57858,33227,41119,16739,15810,42180,21657,488950,304949,11990,68019,236763
30APR2020,01APR2020,31MAR2021,202099,19. 70 - 74,72988,39967,53703,19285,18195,51124,27340,563867,350349,11821,75127,275008
30APR2020,01APR2020,31MAR2021,202099,20. 75 - 79,72441,35479,57610,14831,14033,47456,28602,482393,298409,10342,62770,235471
30APR2020,01APR2020,31MAR2021,202099,21. 80 - 84,71958,30022,62506,9452,8925,43661,30947,382516,231858,9253,48773,182973
30APR2020,01APR2020,31MAR2021,202099,22. 85 - 89,58952,21147,54410,4542,4274,33486,26743,235828,140612,6418,30024,110532
30APR2020,01APR2020,31MAR2021,202099,23. 90+,40692,12875,39042,1650,1573,22456,19379,115831,69591,3597,15325,54241
30APR2020,01APR2020,31MAR2021,202099,24. unknown,9689,5554,8411,1278,1116,7574,2430,106250,87155,9250,27586,58441
31MAR2020,01APR2019,31MAR2020,201999,01. 0 - 4,102567,21923,94774,7793,6442,95484,34154,326690,216667,25816,90111,126520
31MAR2020,01APR2019,31MAR2020,201999,02. 5 - 9,19762,10728,11883,7879,6976,18947,9186,266328,172492,20881,52871,119610
31MAR2020,01APR2019,31MAR2020,201999,03. 10 - 14,18198,10099,11536,6662,5982,17246,8710,274379,182055,19570,55173,126879
31MAR2020,01APR2019,31MAR2020,201999,04. 15,4821,2472,3237,1584,1452,4540,2414,66749,44025,4743,12188,31835
31MAR2020,01APR2019,31MAR2020,201999,05. 16,4904,2599,3294,1610,1493,4464,2212,64727,42491,4919,11505,30982
31MAR2020,01APR2019,31MAR2020,201999,06. 17,5384,2716,3740,1644,1511,4763,2273,57985,38138,4888,11025,27105
31MAR2020,01APR2019,31MAR2020,201999,07. 18,6275,3036,4706,1569,1438,5522,2772,53546,35476,5016,11237,24235
31MAR2020,01APR2019,31MAR2020,201999,08. 19,7127,3542,5429,1698,1569,6357,2978,54735,36669,5596,12136,24516
31MAR2020,01APR2019,31MAR2020,201999,09. 20 - 24,46040,24122,35143,10897,10051,41401,16018,346612,239930,33540,83317,156573
31MAR2020,01APR2019,31MAR2020,201999,10. 25 - 29,65276,36679,50635,14641,13667,59363,18789,516233,365018,43909,126203,238708
31MAR2020,01APR2019,31MAR2020,201999,11. 30 - 34,73320,43534,55741,17579,16371,66463,19423,618108,437145,48573,148558,288443
31MAR2020,01APR2019,31MAR2020,201999,12. 35 - 39,63477,38902,44051,19426,18155,56406,18658,560619,385945,43404,130129,255718
31MAR2020,01APR2019,31MAR2020,201999,13. 40 - 44,52509,33474,31516,20993,19663,45311,16884,469193,315296,35559,107988,207199
31MAR2020,01APR2019,31MAR2020,201999,14. 45 - 49,62539,40998,34773,27766,26169,53035,19843,538153,364417,36748,120398,243892
31MAR2020,01APR2019,31MAR2020,201999,15. 50 - 54,79499,53439,42835,36664,34443,66620,22934,658182,451492,40045,143117,308209
31MAR2020,01APR2019,31MAR2020,201999,16. 55 - 59,99128,69390,49190,49938,47085,83430,25050,732401,510451,38706,154851,355392
31MAR2020,01APR2019,31MAR2020,201999,17. 60 - 64,98508,67513,53015,45493,42867,80286,25370,724967,512532,33171,149825,362557
31MAR2020,01APR2019,31MAR2020,201999,18. 65 - 69,108110,73334,59191,48919,46157,86253,26947,742018,531483,27918,148059,383245
31MAR2020,01APR2019,31MAR2020,201999,19. 70 - 74,135832,89299,77181,58651,55366,105525,34563,858786,614914,29141,167415,447295
31MAR2020,01APR2019,31MAR2020,201999,20. 75 - 79,128263,77338,80670,47593,44729,93637,36084,732718,520829,26746,139212,381417
31MAR2020,01APR2019,31MAR2020,201999,21. 80 - 84,116683,62203,83619,33064,31030,78238,37994,578247,401928,24194,107075,294720
31MAR2020,01APR2019,31MAR2020,201999,22. 85 - 89,89947,40188,73986,15961,14921,53611,33488,353483,237309,17564,63697,173547
31MAR2020,01APR2019,31MAR2020,201999,23. 90+,62119,22189,56623,5496,5083,33672,26106,170879,111955,9508,29973,81964
31MAR2020,01APR2019,31MAR2020,201999,24. unknown,12120,7872,8298,3822,3648,9908,2569,151915,128771,16376,51593,75972
29FEB2020,01APR2019,31MAR2020,201999,01. 0 - 4,111383,24982,101277,10106,8449,103810,42337,331255,250542,25388,108548,141971
29FEB2020,01APR2019,31MAR2020,201999,02. 5 - 9,25859,14114,15134,10725,9547,24788,11405,271127,202157,20612,64648,137498
29FEB2020,01APR2019,31MAR2020,201999,03. 10 - 14,23498,13080,14561,8937,8034,22397,10832,278109,210988,19423,67162,143801
29FEB2020,01APR2019,31MAR2020,201999,04. 15,6037,3177,3918,2119,1938,5746,2902,68325,51702,4923,14825,36876
29FEB2020,01APR2019,31MAR2020,201999,05. 16,6172,3307,4043,2129,1953,5642,2685,65158,48683,5020,13818,34860
29FEB2020,01APR2019,31MAR2020,201999,06. 17,6445,3441,4281,2164,2009,5829,2642,58390,43506,4987,13055,30446
29FEB2020,01APR2019,31MAR2020,201999,07. 18,7461,3745,5404,2057,1919,6612,3231,53618,39556,5334,12939,26610
29FEB2020,01APR2019,31MAR2020,201999,08. 19,8755,4302,6581,2174,2012,7814,3803,54791,40716,5653,14320,26384
29FEB2020,01APR2019,31MAR2020,201999,09. 20 - 24,54714,28743,40696,14018,13057,49485,19810,347557,261582,34437,94552,166973
29FEB2020,01APR2019,31MAR2020,201999,10. 25 - 29,75574,42521,56245,19329,18138,69014,22575,511112,389742,44442,139848,249820
29FEB2020,01APR2019,31MAR2020,201999,11. 30 - 34,84475,50289,61607,22868,21510,77104,23645,611024,467580,48310,165778,301644
29FEB2020,01APR2019,31MAR2020,201999,12. 35 - 39,74582,46769,49000,25582,24093,67169,21864,556973,420398,43071,149087,271202
29FEB2020,01APR2019,31MAR2020,201999,13. 40 - 44,62928,41710,35567,27361,25766,55367,19749,469444,350400,35990,125777,224549
29FEB2020,01APR2019,31MAR2020,201999,14. 45 - 49,74372,51078,39081,35291,33403,64623,22501,540956,408469,37317,142673,265675
29FEB2020,01APR2019,31MAR2020,201999,15. 50 - 54,94305,65554,48451,45854,43359,81144,26578,663148,508304,40204,168872,339281
29FEB2020,01APR2019,31MAR2020,201999,16. 55 - 59,120044,87767,54356,65688,62356,104066,28240,737354,574831,38340,184185,390483
29FEB2020,01APR2019,31MAR2020,201999,17. 60 - 64,114516,80390,58679,55837,52691,95785,28584,728858,578600,31595,177034,401452
29FEB2020,01APR2019,31MAR2020,201999,18. 65 - 69,125304,87679,65109,60195,57064,103095,30473,747395,603062,26451,177403,425519
29FEB2020,01APR2019,31MAR2020,201999,19. 70 - 74,157122,106886,84745,72377,68646,126194,39088,872305,708918,27479,203485,505235
29FEB2020,01APR2019,31MAR2020,201999,20. 75 - 79,146627,92394,87656,58971,55742,111645,40928,742827,601134,25117,170986,429987
29FEB2020,01APR2019,31MAR2020,201999,21. 80 - 84,131765,73830,90130,41635,39131,93206,43031,593717,475221,23092,134744,340360
29FEB2020,01APR2019,31MAR2020,201999,22. 85 - 89,98835,47065,77339,21496,20111,63499,37569,366211,287189,16602,81283,205828
29FEB2020,01APR2019,31MAR2020,201999,23. 90+,65835,24908,58517,7318,6786,38440,29256,176583,135756,8988,38778,96957
29FEB2020,01APR2019,31MAR2020,201999,24. unknown,13674,9278,8497,5177,4855,11467,2775,172598,152026,14986,66994,83792
31JAN2020,01APR2019,31MAR2020,201999,01. 0 - 4,121076,27033,109742,11334,9415,112959,46175,373377,284524,29230,120403,164084
31JAN2020,01APR2019,31MAR2020,201999,02. 5 - 9,27301,15156,15385,11916,10509,26149,11612,302257,227046,23852,70143,156883
31JAN2020,01APR2019,31MAR2020,201999,03. 10 - 14,25465,14196,15618,9847,8870,24300,11800,302536,231169,21625,72315,158816
31JAN2020,01APR2019,31MAR2020,201999,04. 15,6443,3332,4205,2238,2047,6112,3173,74267,56306,5328,16252,40050
31JAN2020,01APR2019,31MAR2020,201999,05. 16,6448,3446,4231,2217,2022,5917,2900,69567,52224,5445,14924,37289
31JAN2020,01APR2019,31MAR2020,201999,06. 17,6636,3477,4449,2187,2015,6067,2839,63644,47355,5555,14068,33284
31JAN2020,01APR2019,31MAR2020,201999,07. 18,7983,3915,5880,2103,1939,7087,3482,58431,43075,6106,13928,29132
31JAN2020,01APR2019,31MAR2020,201999,08. 19,9151,4509,6913,2238,2073,8151,3885,60613,44674,6479,15265,29405
31JAN2020,01APR2019,31MAR2020,201999,09. 20 - 24,57677,30311,42734,14943,13961,52432,20616,382250,286689,39207,102208,184423
31JAN2020,01APR2019,31MAR2020,201999,10. 25 - 29,80168,45089,59376,20792,19445,73253,23741,568404,434082,51030,153818,280186
31JAN2020,01APR2019,31MAR2020,201999,11. 30 - 34,90135,54059,65302,24833,23348,82413,24773,677889,520218,54603,181976,338112
31JAN2020,01APR2019,31MAR2020,201999,12. 35 - 39,79408,50384,51656,27752,26168,71892,23221,621020,469863,49446,163810,305926
31JAN2020,01APR2019,31MAR2020,201999,13. 40 - 44,67296,44813,37579,29717,28045,59356,20928,519503,388943,41133,137546,251330
31JAN2020,01APR2019,31MAR2020,201999,14. 45 - 49,80527,54968,42005,38522,36353,69881,24261,601582,455113,43234,155714,299299
31JAN2020,01APR2019,31MAR2020,201999,15. 50 - 54,101120,70349,51364,49756,47103,87061,28464,737737,566465,47018,185552,380779
31JAN2020,01APR2019,31MAR2020,201999,16. 55 - 59,130282,94610,59016,71266,67473,112963,31134,819167,638958,44993,200192,438615
31JAN2020,01APR2019,31MAR2020,201999,17. 60 - 64,123622,86376,62828,60794,57546,103380,31372,808214,642433,37464,193739,448576
31JAN2020,01APR2019,31MAR2020,201999,18. 65 - 69,137518,95011,71579,65939,62413,112730,34301,833443,673781,31397,195176,478448
31JAN2020,01APR2019,31MAR2020,201999,19. 70 - 74,172139,114496,94564,77575,73361,137032,44574,970828,790058,32091,223454,566401
31JAN2020,01APR2019,31MAR2020,201999,20. 75 - 79,161133,99365,97309,63824,60304,121713,46162,830485,672924,30143,188786,483956
31JAN2020,01APR2019,31MAR2020,201999,21. 80 - 84,146875,79570,101829,45046,42403,102455,49182,662519,529832,27908,148182,381520
31JAN2020,01APR2019,31MAR2020,201999,22. 85 - 89,111000,50609,88388,22612,21138,70234,43134,407952,319733,20132,90307,229353
31JAN2020,01APR2019,31MAR2020,201999,23. 90+,75444,27349,67553,7891,7284,43264,33267,197194,151441,10872,42226,109196
31JAN2020,01APR2019,31MAR2020,201999,24. unknown,14448,9529,9126,5322,4935,12083,3123,210263,184939,17730,75405,107852
31DEC2019,01APR2019,31MAR2020,201999,01. 0 - 4,134009,25912,124719,9290,7711,124994,61701,314475,232261,26476,102284,129950
31DEC2019,01APR2019,31MAR2020,201999,02. 5 - 9,25626,12458,15971,9655,8543,24543,12843,247071,175511,22608,56484,119015
31DEC2019,01APR2019,31MAR2020,201999,03. 10 - 14,21899,11953,13657,8242,7416,20797,10245,256145,188884,20316,60485,128395
31DEC2019,01APR2019,31MAR2020,201999,04. 15,5386,2967,3337,2049,1887,5151,2470,63273,46499,4889,13442,33055
31DEC2019,01APR2019,31MAR2020,201999,05. 16,5743,3184,3643,2100,1940,5286,2389,59115,43286,4884,12329,30956
31DEC2019,01APR2019,31MAR2020,201999,06. 17,6247,3311,4209,2038,1882,5640,2569,55223,40287,5323,12119,28153
31DEC2019,01APR2019,31MAR2020,201999,07. 18,7238,3545,5356,1882,1729,6476,3229,52523,38146,5662,12377,25751
31DEC2019,01APR2019,31MAR2020,201999,08. 19,8816,4383,6706,2110,1956,7878,3668,54874,39788,6018,13394,26389
31DEC2019,01APR2019,31MAR2020,201999,09. 20 - 24,54354,27773,41649,12705,11794,48964,19584,337307,248508,36163,88124,160343
31DEC2019,01APR2019,31MAR2020,201999,10. 25 - 29,74194,40966,56920,17274,16182,67571,22333,497996,373961,46935,132525,241360
31DEC2019,01APR2019,31MAR2020,201999,11. 30 - 34,81629,47799,61173,20456,19154,74400,22931,587051,442583,49823,153851,288640
31DEC2019,01APR2019,31MAR2020,201999,12. 35 - 39,72318,44542,49058,23260,21908,64939,21582,532495,395024,44604,138842,256109
31DEC2019,01APR2019,31MAR2020,201999,13. 40 - 44,60007,38904,35389,24618,23345,52590,19762,442002,323513,36472,116958,206469
31DEC2019,01APR2019,31MAR2020,201999,14. 45 - 49,71582,47671,39179,32403,30609,61559,22802,512118,379478,38320,132674,246701
31DEC2019,01APR2019,31MAR2020,201999,15. 50 - 54,91017,62018,48673,42344,40114,77501,27108,625160,470751,40955,158258,312372
31DEC2019,01APR2019,31MAR2020,201999,16. 55 - 59,116759,82630,56508,60251,56982,100034,30047,695104,533061,38865,171077,361870
31DEC2019,01APR2019,31MAR2020,201999,17. 60 - 64,112602,76248,60861,51741,48897,93013,30682,685206,535456,31739,165507,369830
31DEC2019,01APR2019,31MAR2020,201999,18. 65 - 69,125987,84338,69617,56370,53328,102091,34198,710913,566124,26598,167389,398596
31DEC2019,01APR2019,31MAR2020,201999,19. 70 - 74,158708,102452,91644,67064,63416,124983,44235,826467,662374,27052,191138,471069
31DEC2019,01APR2019,31MAR2020,201999,20. 75 - 79,149720,89277,95001,54719,51734,111457,45794,705890,563536,24995,159793,403620
31DEC2019,01APR2019,31MAR2020,201999,21. 80 - 84,138345,72459,99513,38832,36502,95853,49027,564407,443556,23122,126086,317374
31DEC2019,01APR2019,31MAR2020,201999,22. 85 - 89,106127,46758,86887,19240,17907,66802,43076,347129,267595,16856,76294,191248
31DEC2019,01APR2019,31MAR2020,201999,23. 90+,72613,25268,65952,6661,6154,42255,33696,168444,127670,8887,36436,91220
31DEC2019,01APR2019,31MAR2020,201999,24. unknown,13204,8467,9012,4192,3884,10961,3084,162988,142641,14670,61453,80120
30NOV2019,01APR2019,31MAR2020,201999,01. 0 - 4,133983,26609,123177,10806,8932,125087,59652,359234,272846,28864,118021,154767
30NOV2019,01APR2019,31MAR2020,201999,02. 5 - 9,27675,14426,16520,11155,9854,26587,12811,294414,221662,23874,68646,152968
30NOV2019,01APR2019,31MAR2020,201999,03. 10 - 14,25185,13907,15637,9548,8644,24039,11855,299101,229233,21632,72599,156629
30NOV2019,01APR2019,31MAR2020,201999,04. 15,6228,3247,4062,2166,1975,5925,3042,72288,54351,5315,15597,38751
30NOV2019,01APR2019,31MAR2020,201999,05. 16,6380,3377,4220,2160,1987,5827,2878,66298,49485,5521,13970,35511
30NOV2019,01APR2019,31MAR2020,201999,06. 17,6850,3556,4700,2150,1984,6161,2981,62095,46609,5595,13830,32762
30NOV2019,01APR2019,31MAR2020,201999,07. 18,8030,3783,6102,1928,1772,7112,3710,55852,40877,5960,13598,27255
30NOV2019,01APR2019,31MAR2020,201999,08. 19,9238,4426,7053,2185,2017,8238,3964,57942,42587,6516,14911,27673
30NOV2019,01APR2019,31MAR2020,201999,09. 20 - 24,57756,30009,43711,14045,13148,52060,21017,367272,275284,39087,98965,176263
30NOV2019,01APR2019,31MAR2020,201999,10. 25 - 29,79898,44532,60100,19798,18502,72849,23936,542597,413426,50382,147596,265710
30NOV2019,01APR2019,31MAR2020,201999,11. 30 - 34,88059,52267,64421,23638,22175,80304,24521,639180,489406,53111,172134,317187
30NOV2019,01APR2019,31MAR2020,201999,12. 35 - 39,78018,49115,51260,26758,25175,70269,22794,589073,445421,47892,157601,287762
30NOV2019,01APR2019,31MAR2020,201999,13. 40 - 44,65659,43412,37347,28312,26741,57798,20626,497142,373194,39386,133229,239878
30NOV2019,01APR2019,31MAR2020,201999,14. 45 - 49,78853,53954,41611,37242,35245,68492,23717,579452,438944,42010,152392,286424
30NOV2019,01APR2019,31MAR2020,201999,15. 50 - 54,98855,68977,51058,47797,45258,85220,27832,704665,541722,45268,180418,361161
30NOV2019,01APR2019,31MAR2020,201999,16. 55 - 59,127460,92816,58183,69277,65626,110593,30103,779937,609663,42624,194178,415357
30NOV2019,01APR2019,31MAR2020,201999,17. 60 - 64,118742,83491,60762,57980,54819,99718,29853,769199,611783,35040,187401,424223
30NOV2019,01APR2019,31MAR2020,201999,18. 65 - 69,132474,92475,68838,63636,60255,109460,32333,799878,648170,29144,190602,457415
30NOV2019,01APR2019,31MAR2020,201999,19. 70 - 74,165962,112721,90154,75808,71933,133707,41667,931320,761011,29299,219354,541479
30NOV2019,01APR2019,31MAR2020,201999,20. 75 - 79,153625,96602,91942,61683,58336,117791,43404,794057,647324,26709,184472,462721
30NOV2019,01APR2019,31MAR2020,201999,21. 80 - 84,140151,77992,95646,44505,41965,99809,46145,633936,510886,24495,145729,365048
30NOV2019,01APR2019,31MAR2020,201999,22. 85 - 89,104020,49147,81414,22606,21158,67720,40204,388126,306374,17686,87568,218745
30NOV2019,01APR2019,31MAR2020,201999,23. 90+,70211,25949,62257,7954,7368,41340,31366,189288,146638,9725,41507,105111
30NOV2019,01APR2019,31MAR2020,201999,24. unknown,15411,10781,8944,6467,6100,13255,2997,187167,165574,15724,70757,93234
31OCT2019,01APR2019,31MAR2020,201999,01. 0 - 4,130708,27867,118891,11817,9763,121836,51750,378344,286437,30438,123210,163173
31OCT2019,01APR2019,31MAR2020,201999,02. 5 - 9,28485,15770,16407,12078,10673,27297,12291,317573,237196,26113,74009,163141
31OCT2019,01APR2019,31MAR2020,201999,03. 10 - 14,25784,14942,15561,10223,9125,24497,11339,322745,244543,24115,79392,165143
31OCT2019,01APR2019,31MAR2020,201999,04. 15,6603,3486,4258,2345,2120,6263,3129,79028,60262,5655,17526,42731
31OCT2019,01APR2019,31MAR2020,201999,05. 16,6694,3659,4303,2391,2193,6115,2836,70770,52230,6096,14713,37512
31OCT2019,01APR2019,31MAR2020,201999,06. 17,7230,3709,4968,2262,2076,6473,3148,66578,49531,6094,14931,34590
31OCT2019,01APR2019,31MAR2020,201999,07. 18,8394,4065,6323,2071,1911,7404,3822,59149,42513,6623,14162,28327
31OCT2019,01APR2019,31MAR2020,201999,08. 19,9447,4567,7240,2207,2042,8374,4100,61639,44811,6952,15788,29014
31OCT2019,01APR2019,31MAR2020,201999,09. 20 - 24,61014,31673,46154,14860,13758,54821,22093,395119,295267,41947,105542,189649
31OCT2019,01APR2019,31MAR2020,201999,10. 25 - 29,83922,47008,62834,21088,19666,76360,24829,584768,444929,54204,158877,285982
31OCT2019,01APR2019,31MAR2020,201999,11. 30 - 34,92892,55550,68173,24719,23149,84458,25720,688791,527516,57120,184352,343054
31OCT2019,01APR2019,31MAR2020,201999,12. 35 - 39,81941,51326,54280,27661,25975,73670,24251,632229,477564,51540,167216,310274
31OCT2019,01APR2019,31MAR2020,201999,13. 40 - 44,68814,44912,39589,29225,27512,60304,22138,530546,395801,42968,141619,254091
31OCT2019,01APR2019,31MAR2020,201999,14. 45 - 49,83135,56436,44127,39008,36859,72011,25265,619895,467418,45199,161772,305555
31OCT2019,01APR2019,31MAR2020,201999,15. 50 - 54,104089,71835,53854,50235,47344,89461,29361,756974,579219,48470,193576,385532
31OCT2019,01APR2019,31MAR2020,201999,16. 55 - 59,132649,96542,60933,71716,68002,115163,31650,834182,648266,45999,206829,441301
31OCT2019,01APR2019,31MAR2020,201999,17. 60 - 64,124594,87519,63704,60890,57535,104676,31240,824871,653193,37518,200664,452404
31OCT2019,01APR2019,31MAR2020,201999,18. 65 - 69,139200,97350,72118,67082,63544,115212,33812,861270,693253,31906,205128,487950
31OCT2019,01APR2019,31MAR2020,201999,19. 70 - 74,173014,117690,93176,79838,75568,139959,43252,1001372,813263,32217,235781,577345
31OCT2019,01APR2019,31MAR2020,201999,20. 75 - 79,159900,101215,94685,65215,61617,122830,44266,851920,691116,28991,197978,492999
31OCT2019,01APR2019,31MAR2020,201999,21. 80 - 84,146240,82023,98803,47437,44612,104655,47540,685064,551361,26726,158538,392714
31OCT2019,01APR2019,31MAR2020,201999,22. 85 - 89,107601,51489,83493,24108,22544,70616,41310,420135,332235,18891,95342,236840
31OCT2019,01APR2019,31MAR2020,201999,23. 90+,71062,26800,62873,8189,7569,42208,31906,202759,157598,10287,44616,112970
31OCT2019,01APR2019,31MAR2020,201999,24. unknown,15078,10368,9209,5869,5515,12700,2997,196109,172814,17519,72793,98934
30SEP2019,01APR2019,31MAR2020,201999,01. 0 - 4,118380,25292,107751,10629,8785,110226,42845,345482,259910,28128,111767,148096
30SEP2019,01APR2019,31MAR2020,201999,02. 5 - 9,27715,15193,16481,11234,9934,26523,12600,297763,221991,24997,71049,150908
30SEP2019,01APR2019,31MAR2020,201999,03. 10 - 14,24150,13574,15369,8781,7863,22864,11406,286796,214838,21937,70850,143941
30SEP2019,01APR2019,31MAR2020,201999,04. 15,6185,3239,4183,2002,1825,5864,3153,70131,53488,5100,15864,37619
30SEP2019,01APR2019,31MAR2020,201999,05. 16,6060,3248,4005,2055,1862,5496,2663,62704,44395,6165,12538,31844
30SEP2019,01APR2019,31MAR2020,201999,06. 17,6855,3556,4716,2139,1956,6150,2994,59950,44242,5679,13412,30819
30SEP2019,01APR2019,31MAR2020,201999,07. 18,7813,3834,5778,2035,1869,6954,3381,56829,40712,6320,13037,27661
30SEP2019,01APR2019,31MAR2020,201999,08. 19,8796,4375,6602,2194,2035,7834,3671,58724,42738,6607,14318,28409
30SEP2019,01APR2019,31MAR2020,201999,09. 20 - 24,57805,30177,43747,14058,13112,51906,20608,363984,270802,39094,96361,174362
30SEP2019,01APR2019,31MAR2020,201999,10. 25 - 29,79532,44744,60349,19183,17950,72295,23691,536827,406772,50151,144631,262052
30SEP2019,01APR2019,31MAR2020,201999,11. 30 - 34,89232,53045,66180,23052,21532,81200,24586,638411,487551,53419,169822,317626
30SEP2019,01APR2019,31MAR2020,201999,12. 35 - 39,78060,48760,52317,25743,24172,70155,23671,584951,440161,48327,155011,285057
30SEP2019,01APR2019,31MAR2020,201999,13. 40 - 44,65235,42540,37833,27402,25829,57206,21208,492575,365897,40513,131393,234421
30SEP2019,01APR2019,31MAR2020,201999,14. 45 - 49,78472,52847,42435,36037,34049,67856,24648,576810,433378,42382,150476,282750
30SEP2019,01APR2019,31MAR2020,201999,15. 50 - 54,96666,66573,50731,45935,43506,82686,28039,694472,526965,45904,175858,350956
30SEP2019,01APR2019,31MAR2020,201999,16. 55 - 59,122125,88336,56901,65224,61793,105477,29542,756189,583419,42732,187076,396199
30SEP2019,01APR2019,31MAR2020,201999,17. 60 - 64,114657,80156,59505,55152,52096,96024,29501,747681,587142,34890,181144,405866
30SEP2019,01APR2019,31MAR2020,201999,18. 65 - 69,126745,88154,66402,60343,57173,104554,31808,780451,624895,29039,185456,439228
30SEP2019,01APR2019,31MAR2020,201999,19. 70 - 74,158967,107471,87045,71922,68080,127665,40740,909432,733998,29538,213763,520113
30SEP2019,01APR2019,31MAR2020,201999,20. 75 - 79,147098,93167,87360,59738,56459,113223,41514,774470,624804,26925,180164,444510
30SEP2019,01APR2019,31MAR2020,201999,21. 80 - 84,134280,75499,91082,43198,40744,96254,44156,627359,502992,24331,145098,357781
30SEP2019,01APR2019,31MAR2020,201999,22. 85 - 89,99405,47796,77046,22359,20983,65112,38032,385961,304707,17312,87813,216830
30SEP2019,01APR2019,31MAR2020,201999,23. 90+,64746,24727,57056,7690,7166,38655,28888,184624,143801,9241,40949,102835
30SEP2019,01APR2019,31MAR2020,201999,24. unknown,12200,7747,8241,3959,3718,10056,3052,167339,147358,16163,62651,84706
31AUG2019,01APR2019,31MAR2020,201999,01. 0 - 4,111226,26512,100490,10736,8966,103594,34977,320032,239413,26709,102898,136474
31AUG2019,01APR2019,31MAR2020,201999,02. 5 - 9,25022,15531,14197,10825,9717,23996,10376,263426,186311,25650,61657,124633
31AUG2019,01APR2019,31MAR2020,201999,03. 10 - 14,21230,13062,12506,8724,7805,20211,8847,252998,180694,22779,55717,124895
31AUG2019,01APR2019,31MAR2020,201999,04. 15,5354,3169,3239,2115,1905,5120,2231,61477,44251,5459,11958,32286
31AUG2019,01APR2019,31MAR2020,201999,05. 16,5997,3454,3715,2282,2082,5514,2366,58747,42065,5555,11059,30987
31AUG2019,01APR2019,31MAR2020,201999,06. 17,6456,3428,4399,2057,1887,5838,2724,54998,39854,5508,11637,28198
31AUG2019,01APR2019,31MAR2020,201999,07. 18,7813,3907,5699,2114,1949,7008,3333,54987,39886,5946,12474,27398
31AUG2019,01APR2019,31MAR2020,201999,08. 19,9332,4621,7115,2217,2048,8331,3831,55671,40896,6032,13553,27320
31AUG2019,01APR2019,31MAR2020,201999,09. 20 - 24,59146,30893,45176,13970,13104,53497,21275,351528,263963,36293,92902,170989
31AUG2019,01APR2019,31MAR2020,201999,10. 25 - 29,81374,45147,62475,18899,17676,73984,24637,519891,398369,46818,140108,258196
31AUG2019,01APR2019,31MAR2020,201999,11. 30 - 34,88132,51897,65947,22185,20811,80410,24999,608097,465772,50794,160478,305250
31AUG2019,01APR2019,31MAR2020,201999,12. 35 - 39,74791,46153,50938,23853,22415,67017,22909,539890,402861,45764,140060,262730
31AUG2019,01APR2019,31MAR2020,201999,13. 40 - 44,62303,40028,37440,24863,23483,54304,20979,443464,323425,37880,115082,208265
31AUG2019,01APR2019,31MAR2020,201999,14. 45 - 49,74884,49752,41675,33209,31313,64490,24366,522795,388444,39175,134359,253983
31AUG2019,01APR2019,31MAR2020,201999,15. 50 - 54,95624,65008,51428,44196,41744,81782,28987,645547,490847,41239,163719,327027
31AUG2019,01APR2019,31MAR2020,201999,16. 55 - 59,122065,87862,57927,64138,60855,105437,30645,710080,551739,38744,176783,374818
31AUG2019,01APR2019,31MAR2020,201999,17. 60 - 64,115724,80172,61073,54651,51738,96691,30621,706690,560216,31767,171989,388107
31AUG2019,01APR2019,31MAR2020,201999,18. 65 - 69,128864,88867,68949,59915,56731,106061,33388,743227,599583,26594,177294,422141
31AUG2019,01APR2019,31MAR2020,201999,19. 70 - 74,160403,107486,88984,71419,67736,128827,42227,863355,703284,26612,204327,498832
31AUG2019,01APR2019,31MAR2020,201999,20. 75 - 79,147654,92949,89003,58651,55405,113310,42535,732361,597853,23763,171164,426566
31AUG2019,01APR2019,31MAR2020,201999,21. 80 - 84,135508,75515,93160,42348,39986,96877,45400,595897,481530,22167,138511,342926
31AUG2019,01APR2019,31MAR2020,201999,22. 85 - 89,99719,47386,78107,21612,20239,65319,38907,366860,292123,15611,84407,207679
31AUG2019,01APR2019,31MAR2020,201999,23. 90+,65451,24940,57904,7547,7016,39286,29644,177671,139541,8632,39592,99935
31AUG2019,01APR2019,31MAR2020,201999,24. unknown,13690,8790,9487,4203,3893,11473,3342,155906,138127,14389,59890,78230
31JUL2019,01APR2019,31MAR2020,201999,01. 0 - 4,119264,28547,107183,12081,10118,111086,40511,377040,284491,31592,123211,161216
31JUL2019,01APR2019,31MAR2020,201999,02. 5 - 9,29341,17164,17331,12010,10727,28098,13105,322150,235946,28725,80185,155690
31JUL2019,01APR2019,31MAR2020,201999,03. 10 - 14,25162,14708,15447,9715,8680,23952,11482,317915,233677,26571,77067,156586
31JUL2019,01APR2019,31MAR2020,201999,04. 15,6199,3519,3958,2241,2042,5862,2768,76252,55998,6294,15760,40222
31JUL2019,01APR2019,31MAR2020,201999,05. 16,6482,3856,3922,2560,2331,5968,2377,69131,48915,6653,12987,35903
31JUL2019,01APR2019,31MAR2020,201999,06. 17,7112,3873,4744,2368,2181,6415,2837,64155,46824,6337,13582,33224
31JUL2019,01APR2019,31MAR2020,201999,07. 18,8265,4234,5913,2352,2190,7376,3388,61602,44539,6793,13950,30577
31JUL2019,01APR2019,31MAR2020,201999,08. 19,9841,4941,7349,2492,2309,8782,3934,63161,46425,7007,15742,30660
31JUL2019,01APR2019,31MAR2020,201999,09. 20 - 24,61732,32340,46371,15361,14300,55602,21713,394269,294576,41839,103303,191187
31JUL2019,01APR2019,31MAR2020,201999,10. 25 - 29,85220,48061,64159,21061,19664,77713,25615,582858,445290,54231,158029,287176
31JUL2019,01APR2019,31MAR2020,201999,11. 30 - 34,92729,55283,68224,24505,22909,84351,25766,681472,522305,56983,182016,340205
31JUL2019,01APR2019,31MAR2020,201999,12. 35 - 39,81254,50727,54041,27213,25564,72828,24302,617379,465819,50665,163367,302322
31JUL2019,01APR2019,31MAR2020,201999,13. 40 - 44,67772,44244,39200,28572,26888,59368,21843,517816,384675,42508,138478,246108
31JUL2019,01APR2019,31MAR2020,201999,14. 45 - 49,82223,55455,44109,38114,35911,70987,25461,610153,458849,44894,159472,299233
31JUL2019,01APR2019,31MAR2020,201999,15. 50 - 54,104350,71673,54742,49608,46879,89526,30386,742966,567213,48001,189480,377592
31JUL2019,01APR2019,31MAR2020,201999,16. 55 - 59,132518,96179,60831,71687,67931,114779,31672,810015,630690,44051,202290,428233
31JUL2019,01APR2019,31MAR2020,201999,17. 60 - 64,124195,86908,63793,60402,57077,104304,31670,802722,636505,36169,195389,440917
31JUL2019,01APR2019,31MAR2020,201999,18. 65 - 69,138831,96531,72742,66089,62567,114508,34595,845257,684129,30060,202606,481387
31JUL2019,01APR2019,31MAR2020,201999,19. 70 - 74,173389,117458,93978,79411,75401,139479,43983,980292,799360,30545,233250,565930
31JUL2019,01APR2019,31MAR2020,201999,20. 75 - 79,158875,100301,94846,64029,60499,121795,44533,829202,676036,27910,194084,481795
31JUL2019,01APR2019,31MAR2020,201999,21. 80 - 84,145384,81816,98353,47031,44268,104383,47815,670757,542735,25073,156927,385688
31JUL2019,01APR2019,31MAR2020,201999,22. 85 - 89,106691,50948,83031,23660,22175,69607,40751,412586,327710,18271,94463,233206
31JUL2019,01APR2019,31MAR2020,201999,23. 90+,68340,26222,60264,8076,7528,40840,30623,197616,154729,9626,44274,110441
31JUL2019,01APR2019,31MAR2020,201999,24. unknown,14476,9473,9818,4658,4353,12155,3425,180107,158248,17864,66544,91703
30JUN2019,01APR2019,31MAR2020,201999,01. 0 - 4,114593,26277,103771,10822,9053,106580,39721,338187,255451,27754,109576,145828
30JUN2019,01APR2019,31MAR2020,201999,02. 5 - 9,27148,15309,16308,10840,9680,26035,12448,286810,214929,23894,71984,142878
30JUN2019,01APR2019,31MAR2020,201999,03. 10 - 14,24864,13926,15994,8870,8026,23622,12043,284287,214136,21837,69763,144339
30JUN2019,01APR2019,31MAR2020,201999,04. 15,5828,2984,3892,1936,1774,5517,2921,65752,47947,5328,13894,34030
30JUN2019,01APR2019,31MAR2020,201999,05. 16,5163,2748,3473,1690,1546,4681,2310,60144,41173,5841,11539,29606
30JUN2019,01APR2019,31MAR2020,201999,06. 17,6365,3237,4472,1893,1748,5701,2825,56824,41575,5582,12388,29184
30JUN2019,01APR2019,31MAR2020,201999,07. 18,7418,3644,5549,1869,1728,6562,3289,54253,39289,5840,12495,26782
30JUN2019,01APR2019,31MAR2020,201999,08. 19,9068,4436,6928,2140,1991,8063,3823,56491,41218,6529,14059,27143
30JUN2019,01APR2019,31MAR2020,201999,09. 20 - 24,57245,29749,43468,13777,12837,51575,20688,352893,262914,37873,92909,169942
30JUN2019,01APR2019,31MAR2020,201999,10. 25 - 29,79504,44404,60768,18736,17565,72306,23940,522012,398086,48689,141000,256978
30JUN2019,01APR2019,31MAR2020,201999,11. 30 - 34,86824,51364,64658,22166,20799,78878,24280,609960,467443,51015,163191,304185
30JUN2019,01APR2019,31MAR2020,201999,12. 35 - 39,76868,47795,51658,25210,23712,69099,23145,558773,423217,45752,149664,273390
30JUN2019,01APR2019,31MAR2020,201999,13. 40 - 44,64167,41658,37483,26684,25168,56475,21024,472320,353432,38125,126448,226892
30JUN2019,01APR2019,31MAR2020,201999,14. 45 - 49,78263,52684,42567,35696,33754,67688,24648,557020,421038,40710,146511,274384
30JUN2019,01APR2019,31MAR2020,201999,15. 50 - 54,95873,65933,50694,45179,42768,82421,28191,671065,512932,43342,171819,340948
30JUN2019,01APR2019,31MAR2020,201999,16. 55 - 59,120821,87661,56199,64622,61410,104883,29478,723596,562168,40309,180329,381652
30JUN2019,01APR2019,31MAR2020,201999,17. 60 - 64,113584,79036,59926,53658,50798,94802,29516,716512,566750,32643,173959,392636
30JUN2019,01APR2019,31MAR2020,201999,18. 65 - 69,126842,87721,67679,59163,55984,104644,32244,754478,607775,27593,179519,428127
30JUN2019,01APR2019,31MAR2020,201999,19. 70 - 74,157076,105932,87210,69866,66293,126011,40617,872171,707805,27939,206241,501352
30JUN2019,01APR2019,31MAR2020,201999,20. 75 - 79,144198,90961,86518,57680,54522,111018,40846,736692,598266,25176,171571,426550
30JUN2019,01APR2019,31MAR2020,201999,21. 80 - 84,133369,74919,91197,42172,39844,95368,43856,598091,482355,23068,138626,343618
30JUN2019,01APR2019,31MAR2020,201999,22. 85 - 89,98703,47072,77325,21378,20025,64416,38162,368728,292809,16401,84239,208524
30JUN2019,01APR2019,31MAR2020,201999,23. 90+,63792,24064,56368,7424,6877,38044,28536,176082,137704,8749,39161,98526
30JUN2019,01APR2019,31MAR2020,201999,24. unknown,13061,8545,8883,4178,3902,10917,3073,161756,140820,17343,60760,80060
31MAY2019,01APR2019,31MAR2020,201999,01. 0 - 4,120908,27925,109393,11515,9733,112350,43539,354482,269979,29291,115653,154306
31MAY2019,01APR2019,31MAR2020,201999,02. 5 - 9,29244,16270,17673,11571,10384,28005,13597,298166,224568,25359,74758,149761
31MAY2019,01APR2019,31MAR2020,201999,03. 10 - 14,25270,14440,16063,9207,8328,24008,11893,295560,222908,23252,73170,149709
31MAY2019,01APR2019,31MAR2020,201999,04. 15,6078,3227,4026,2052,1880,5747,2987,68392,50627,5477,14707,35902
31MAY2019,01APR2019,31MAR2020,201999,05. 16,5470,2731,3850,1620,1461,4929,2672,60072,41404,5820,11982,29405
31MAY2019,01APR2019,31MAR2020,201999,06. 17,6690,3382,4721,1969,1806,5982,2956,60091,44406,5720,13534,30871
31MAY2019,01APR2019,31MAR2020,201999,07. 18,7937,3770,6019,1918,1777,7035,3587,57158,42108,6196,13647,28433
31MAY2019,01APR2019,31MAR2020,201999,08. 19,9666,4642,7406,2260,2091,8614,4173,59686,44071,6671,15307,28755
31MAY2019,01APR2019,31MAR2020,201999,09. 20 - 24,60277,31006,45758,14519,13531,54321,21841,374245,281772,39390,99943,181763
31MAY2019,01APR2019,31MAR2020,201999,10. 25 - 29,81859,45826,62135,19724,18502,74302,24662,552297,424958,50426,149882,274987
31MAY2019,01APR2019,31MAR2020,201999,11. 30 - 34,89791,53312,66747,23044,21700,81712,25004,644717,497727,53155,173333,324322
31MAY2019,01APR2019,31MAR2020,201999,12. 35 - 39,79443,49265,53545,25898,24426,71243,23753,588245,447596,47453,157019,290366
31MAY2019,01APR2019,31MAR2020,201999,13. 40 - 44,66315,43265,38546,27769,26231,58188,21542,490360,368146,39387,131078,236994
31MAY2019,01APR2019,31MAR2020,201999,14. 45 - 49,81541,54954,44067,37474,35471,70468,25433,582448,442248,42149,152240,289864
31MAY2019,01APR2019,31MAR2020,201999,15. 50 - 54,101279,69994,53017,48262,45648,87067,29320,706064,542624,45785,179949,362485
31MAY2019,01APR2019,31MAR2020,201999,16. 55 - 59,126762,92046,58849,67913,64373,109765,30575,761261,594684,42096,188635,405853
31MAY2019,01APR2019,31MAR2020,201999,17. 60 - 64,118431,82701,62070,56361,53458,99043,30551,753668,598617,34762,181794,416671
31MAY2019,01APR2019,31MAR2020,201999,18. 65 - 69,133759,92369,71183,62576,59309,109798,33729,797373,644956,29300,187800,457005
31MAY2019,01APR2019,31MAR2020,201999,19. 70 - 74,166811,111682,92342,74469,70545,133465,43023,916800,747497,29428,214262,533004
31MAY2019,01APR2019,31MAR2020,201999,20. 75 - 79,153209,95553,93093,60116,56821,116654,43708,772380,629201,27029,177707,451345
31MAY2019,01APR2019,31MAR2020,201999,21. 80 - 84,141236,78388,97295,43941,41307,100503,46968,629142,508041,24980,144447,363509
31MAY2019,01APR2019,31MAR2020,201999,22. 85 - 89,105126,49304,82981,22145,20727,67923,40618,387376,308176,17474,87656,220454
31MAY2019,01APR2019,31MAR2020,201999,23. 90+,69296,25684,61582,7714,7149,40750,30883,185090,145301,9396,41316,103962
31MAY2019,01APR2019,31MAR2020,201999,24. unknown,14039,9351,9153,4886,4607,11874,3302,169021,145773,19626,60461,85312
30APR2019,01APR2019,31MAR2020,201999,01. 0 - 4,116439,26050,105994,10445,8608,108298,44101,336533,254866,27299,110003,144837
30APR2019,01APR2019,31MAR2020,201999,02. 5 - 9,27363,15030,16571,10792,9615,26102,12617,274678,202673,23999,67700,134930
30APR2019,01APR2019,31MAR2020,201999,03. 10 - 14,23458,13456,14555,8903,8049,22217,10630,275459,206068,22275,66045,139996
30APR2019,01APR2019,31MAR2020,201999,04. 15,5781,3209,3603,2178,2002,5509,2676,67755,50100,5545,14176,35916
30APR2019,01APR2019,31MAR2020,201999,05. 16,5835,3220,3794,2041,1879,5319,2553,64210,47215,5732,13249,33953
30APR2019,01APR2019,31MAR2020,201999,06. 17,6616,3375,4604,2012,1841,5926,2842,58673,43100,5485,12817,30282
30APR2019,01APR2019,31MAR2020,201999,07. 18,7698,3735,5632,2066,1905,6851,3351,56462,41663,5969,13571,28066
30APR2019,01APR2019,31MAR2020,201999,08. 19,9169,4458,7004,2165,2027,8143,3849,58668,43434,6341,14515,28900
30APR2019,01APR2019,31MAR2020,201999,09. 20 - 24,56931,29590,42984,13947,13050,51310,20591,361698,272066,37369,96580,175452
30APR2019,01APR2019,31MAR2020,201999,10. 25 - 29,77608,43436,58526,19082,17863,70559,22991,531134,407880,48315,143664,264131
30APR2019,01APR2019,31MAR2020,201999,11. 30 - 34,84882,50381,62822,22060,20675,77129,23828,619872,477546,50522,165857,311620
30APR2019,01APR2019,31MAR2020,201999,12. 35 - 39,74918,46205,50286,24632,23146,67181,22541,563796,426787,45325,150177,276447
30APR2019,01APR2019,31MAR2020,201999,13. 40 - 44,62486,40537,36192,26294,24791,54754,20250,469304,349812,37628,125202,224559
30APR2019,01APR2019,31MAR2020,201999,14. 45 - 49,77280,51673,41758,35522,33552,66686,24205,560608,423561,40006,147115,276318
30APR2019,01APR2019,31MAR2020,201999,15. 50 - 54,96718,66273,51223,45495,43093,82569,28169,679807,521436,42601,172980,348262
30APR2019,01APR2019,31MAR2020,201999,16. 55 - 59,120212,86535,56276,63936,60725,103669,29456,732055,571009,39275,180595,390256
30APR2019,01APR2019,31MAR2020,201999,17. 60 - 64,114844,79088,60365,54479,51513,95564,30101,728286,578595,32383,175689,402728
30APR2019,01APR2019,31MAR2020,201999,18. 65 - 69,129810,88664,69824,59986,56836,106108,33549,768589,621965,27171,180109,441697
30APR2019,01APR2019,31MAR2020,201999,19. 70 - 74,160475,105846,90425,70050,66545,127677,42721,882781,718976,27124,204840,513936
30APR2019,01APR2019,31MAR2020,201999,20. 75 - 79,147851,90441,91714,56137,53106,111422,43538,739989,601737,25076,169102,432504
30APR2019,01APR2019,31MAR2020,201999,21. 80 - 84,138233,74667,96969,41264,38965,97157,47013,601375,484735,22991,136297,348351
30APR2019,01APR2019,31MAR2020,201999,22. 85 - 89,103663,47282,83237,20426,19132,66362,41168,370673,293576,16639,82857,210657
30APR2019,01APR2019,31MAR2020,201999,23. 90+,68256,24930,61123,7133,6627,40049,30866,177648,138699,8887,38945,99735
30APR2019,01APR2019,31MAR2020,201999,24. unknown,12762,8513,8349,4413,4178,10800,2993,142006,120558,17701,50290,70268
31MAR2019,01APR2018,31MAR2019,201899,01. 0 - 4,124701,26978,113428,11273,9353,115596,48741,349116,266421,26837,115552,150851
31MAR2019,01APR2018,31MAR2019,201899,02. 5 - 9,29229,15278,17835,11394,10104,28039,13767,287781,217168,22713,70313,146818
31MAR2019,01APR2018,31MAR2019,201899,03. 10 - 14,26133,14035,16751,9382,8447,24844,12690,296286,227555,21346,73024,154493
31MAR2019,01APR2018,31MAR2019,201899,04. 15,6347,3268,4207,2140,1965,6044,3224,72818,55248,5495,15615,39627
31MAR2019,01APR2018,31MAR2019,201899,05. 16,6407,3231,4373,2034,1878,5847,3032,68115,50844,5572,14529,36305
31MAR2019,01APR2018,31MAR2019,201899,06. 17,7140,3678,4955,2185,2004,6383,3136,63284,47247,5866,14035,33205
31MAR2019,01APR2018,31MAR2019,201899,07. 18,8228,3963,6051,2177,2010,7279,3648,58714,43854,5980,14256,29575
31MAR2019,01APR2018,31MAR2019,201899,08. 19,9528,4561,7240,2288,2112,8440,4058,61092,45757,6484,15629,30100
31MAR2019,01APR2018,31MAR2019,201899,09. 20 - 24,59436,30734,44776,14660,13689,53583,21559,374700,283836,38106,101450,182360
31MAR2019,01APR2018,31MAR2019,201899,10. 25 - 29,80581,44905,60588,19993,18744,73443,24168,550572,423451,49902,149891,273462
31MAR2019,01APR2018,31MAR2019,201899,11. 30 - 34,89563,52789,65857,23706,22110,81492,24812,645478,499850,51833,174196,325593
31MAR2019,01APR2018,31MAR2019,201899,12. 35 - 39,79247,49733,52248,26999,25443,71180,23257,593452,453343,47226,157698,295533
31MAR2019,01APR2018,31MAR2019,201899,13. 40 - 44,66138,43321,37946,28192,26702,58192,21152,496819,374736,39050,132595,242080
31MAR2019,01APR2018,31MAR2019,201899,14. 45 - 49,81352,54647,43526,37826,35722,70389,24812,590351,449050,41969,154543,294372
31MAR2019,01APR2018,31MAR2019,201899,15. 50 - 54,99924,68783,51930,47994,45475,85878,28415,708004,544897,45263,179232,365503
31MAR2019,01APR2018,31MAR2019,201899,16. 55 - 59,125466,90660,58048,67418,64041,108364,29946,755441,590166,40821,186305,403708
31MAR2019,01APR2018,31MAR2019,201899,17. 60 - 64,118002,82087,61322,56680,53626,98616,29830,748064,595433,33502,178561,416758
31MAR2019,01APR2018,31MAR2019,201899,18. 65 - 69,132635,91571,69866,62769,59529,109300,32854,789308,639096,28275,184457,454496
31MAR2019,01APR2018,31MAR2019,201899,19. 70 - 74,163391,109180,89661,73730,69798,131268,41660,904961,737852,28646,208575,529107
31MAR2019,01APR2018,31MAR2019,201899,20. 75 - 79,148972,91966,90743,58229,55044,112976,42203,751671,611000,25877,170564,440275
31MAR2019,01APR2018,31MAR2019,201899,21. 80 - 84,137750,74748,95328,42422,39972,97308,45764,612435,492275,23945,136727,355464
31MAR2019,01APR2018,31MAR2019,201899,22. 85 - 89,102413,46853,81022,21391,20001,66169,39824,376718,297907,17028,82986,214853
31MAR2019,01APR2018,31MAR2019,201899,23. 90+,66614,24001,59328,7286,6781,39192,29803,180360,140345,9338,38689,101636
31MAR2019,01APR2018,31MAR2019,201899,24. unknown,14419,9632,9429,4990,4792,12080,3471,11082,9204,855,2619,6585
28FEB2019,01APR2018,31MAR2019,201899,01. 0 - 4,115878,25212,105229,10649,8803,107730,46777,327809,249700,26131,106689,143009
28FEB2019,01APR2018,31MAR2019,201899,02. 5 - 9,26757,14341,15763,10994,9748,25685,12098,268101,200501,22008,62774,137711
28FEB2019,01APR2018,31MAR2019,201899,03. 10 - 14,23366,13146,14177,9189,8269,22238,10559,275648,208984,20828,65021,143953
28FEB2019,01APR2018,31MAR2019,201899,04. 15,5670,3087,3621,2049,1870,5413,2718,68909,51991,5321,14167,37821
28FEB2019,01APR2018,31MAR2019,201899,05. 16,5826,3161,3720,2106,1909,5354,2515,64267,47723,5471,13217,34506
28FEB2019,01APR2018,31MAR2019,201899,06. 17,6132,3256,4057,2075,1925,5544,2569,60115,44639,5651,12989,31649
28FEB2019,01APR2018,31MAR2019,201899,07. 18,7366,3716,5293,2073,1918,6585,3203,55930,41612,5727,13600,28003
28FEB2019,01APR2018,31MAR2019,201899,08. 19,8470,4180,6349,2121,1945,7522,3480,57717,43135,6112,14674,28442
28FEB2019,01APR2018,31MAR2019,201899,09. 20 - 24,53834,28572,39906,13928,13032,48511,18896,356437,269633,36534,96154,173442
28FEB2019,01APR2018,31MAR2019,201899,10. 25 - 29,73831,41909,54775,19056,17907,67167,21869,522370,401464,47714,141268,260122
28FEB2019,01APR2018,31MAR2019,201899,11. 30 - 34,80335,48152,58520,21815,20554,73124,21895,609348,470667,50238,162668,307962
28FEB2019,01APR2018,31MAR2019,201899,12. 35 - 39,71497,45123,46744,24753,23341,64192,20535,561303,427315,45630,147513,279725
28FEB2019,01APR2018,31MAR2019,201899,13. 40 - 44,60208,39748,33983,26225,24760,52777,18762,469133,352691,37595,124258,228353
28FEB2019,01APR2018,31MAR2019,201899,14. 45 - 49,74540,50488,39352,35188,33303,64555,22611,560747,424940,40471,144909,279914
28FEB2019,01APR2018,31MAR2019,201899,15. 50 - 54,92726,64395,47609,45117,42845,79422,26014,672658,517496,42479,169638,347730
28FEB2019,01APR2018,31MAR2019,201899,16. 55 - 59,117441,85150,53923,63518,60403,101089,27621,717235,561156,38859,176115,384922
28FEB2019,01APR2018,31MAR2019,201899,17. 60 - 64,110836,77167,57151,53685,50947,92435,28057,711402,566145,32291,169927,396131
28FEB2019,01APR2018,31MAR2019,201899,18. 65 - 69,123582,85715,64642,58940,56142,101514,30574,750473,607835,27419,175457,432241
28FEB2019,01APR2018,31MAR2019,201899,19. 70 - 74,152553,102062,83963,68590,65189,121549,38791,857219,697570,27764,196936,500510
28FEB2019,01APR2018,31MAR2019,201899,20. 75 - 79,137569,85242,83446,54123,51283,104495,39209,711068,576708,25016,159493,417073
28FEB2019,01APR2018,31MAR2019,201899,21. 80 - 84,129677,70371,89615,40062,37811,90841,42664,578670,464313,23279,128778,335433
28FEB2019,01APR2018,31MAR2019,201899,22. 85 - 89,96047,44047,76266,19781,18594,61185,36928,359387,282598,16667,78736,203820
28FEB2019,01APR2018,31MAR2019,201899,23. 90+,64100,23089,57391,6709,6241,37128,28400,171423,132589,8730,36594,95986
28FEB2019,01APR2018,31MAR2019,201899,24. unknown,13799,9130,8960,4839,4566,11441,3259,11166,9274,803,2707,6567
31JAN2019,01APR2018,31MAR2019,201899,01. 0 - 4,127494,27787,115577,11917,9894,118735,50873,374563,285944,31142,121256,164592
31JAN2019,01APR2018,31MAR2019,201899,02. 5 - 9,28193,15294,16230,11963,10639,27055,12427,302974,228038,26363,68856,159114
31JAN2019,01APR2018,31MAR2019,201899,03. 10 - 14,25480,14128,15530,9950,8970,24296,11748,306070,233640,24130,71011,162597
31JAN2019,01APR2018,31MAR2019,201899,04. 15,6180,3279,3934,2246,2036,5848,2926,76803,58443,6034,15605,42827
31JAN2019,01APR2018,31MAR2019,201899,05. 16,6298,3354,4006,2292,2089,5762,2734,71234,53224,6318,14481,38733
31JAN2019,01APR2018,31MAR2019,201899,06. 17,6641,3521,4390,2251,2071,6042,2816,66080,49429,6290,14223,35191
31JAN2019,01APR2018,31MAR2019,201899,07. 18,7955,3941,5776,2179,2029,7069,3426,62629,46523,6740,14718,31774
31JAN2019,01APR2018,31MAR2019,201899,08. 19,9507,4699,7060,2447,2266,8516,3882,65257,48679,7203,16046,32571
31JAN2019,01APR2018,31MAR2019,201899,09. 20 - 24,59518,31283,44159,15359,14308,53710,20752,403643,305758,43270,106695,198630
31JAN2019,01APR2018,31MAR2019,201899,10. 25 - 29,81609,45855,60799,20810,19530,74428,23907,588145,452847,56125,157644,294521
31JAN2019,01APR2018,31MAR2019,201899,11. 30 - 34,88149,52531,63732,24417,22943,80332,24193,683389,529471,58240,180500,348370
31JAN2019,01APR2018,31MAR2019,201899,12. 35 - 39,78637,49436,51325,27312,25771,70602,22783,631293,482248,53020,165542,316346
31JAN2019,01APR2018,31MAR2019,201899,13. 40 - 44,66142,43426,37169,28973,27364,58095,20813,529701,399408,43983,138396,260850
31JAN2019,01APR2018,31MAR2019,201899,14. 45 - 49,82776,55548,43623,39153,37039,71419,25381,632594,480752,48003,162147,318466
31JAN2019,01APR2018,31MAR2019,201899,15. 50 - 54,102917,70155,53181,49736,47145,87889,29574,756418,582815,51001,188431,394237
31JAN2019,01APR2018,31MAR2019,201899,16. 55 - 59,127984,91854,58484,69500,65948,110404,30881,804792,631089,45965,196489,434463
31JAN2019,01APR2018,31MAR2019,201899,17. 60 - 64,120873,82969,62794,58079,54984,100278,31314,797972,637812,38133,190155,447526
31JAN2019,01APR2018,31MAR2019,201899,18. 65 - 69,136814,93491,71921,64893,61599,111676,34342,844462,686106,32678,197100,488863
31JAN2019,01APR2018,31MAR2019,201899,19. 70 - 74,168155,111249,92308,75847,71994,133945,43731,970071,792553,33263,221492,570924
31JAN2019,01APR2018,31MAR2019,201899,20. 75 - 79,152648,93335,92861,59787,56569,115268,44132,800657,650426,30045,180016,470292
31JAN2019,01APR2018,31MAR2019,201899,21. 80 - 84,144176,76798,100540,43636,41091,100433,48399,653977,524433,28124,145203,379123
31JAN2019,01APR2018,31MAR2019,201899,22. 85 - 89,109321,48919,87611,21710,20378,69322,42866,402802,316217,20011,87248,228892
31JAN2019,01APR2018,31MAR2019,201899,23. 90+,74219,26024,66742,7477,6957,42762,33043,193865,150201,10535,41058,109117
31JAN2019,01APR2018,31MAR2019,201899,24. unknown,15086,9709,10019,5067,4760,12421,3730,12786,10766,972,3354,7412
31DEC2018,01APR2018,31MAR2019,201899,01. 0 - 4,131498,25974,121994,9504,7919,122173,57090,297693,222754,26083,97633,125028
31DEC2018,01APR2018,31MAR2019,201899,02. 5 - 9,24192,12612,14627,9565,8528,23152,11407,235611,169503,22359,52513,116951
31DEC2018,01APR2018,31MAR2019,201899,03. 10 - 14,20889,11910,12641,8248,7435,19956,9418,244731,183553,20013,57776,125758
31DEC2018,01APR2018,31MAR2019,201899,04. 15,5280,2891,3325,1955,1791,5019,2442,61162,45240,5183,12682,32541
31DEC2018,01APR2018,31MAR2019,201899,05. 16,5573,3059,3570,2003,1828,5091,2347,56158,41495,5062,11710,29780
31DEC2018,01APR2018,31MAR2019,201899,06. 17,6246,3233,4344,1902,1766,5621,2679,53168,39461,5159,11780,27662
31DEC2018,01APR2018,31MAR2019,201899,07. 18,7511,3624,5637,1874,1723,6623,3312,52502,38529,5881,12378,26124
31DEC2018,01APR2018,31MAR2019,201899,08. 19,8971,4388,6848,2123,1984,7965,3723,54971,40342,6338,13508,26788
31DEC2018,01APR2018,31MAR2019,201899,09. 20 - 24,55843,28658,42822,13021,12150,50388,20074,334060,250259,36825,88339,161461
31DEC2018,01APR2018,31MAR2019,201899,10. 25 - 29,75481,41474,58490,16991,15907,68449,22918,482133,367156,47800,129531,236908
31DEC2018,01APR2018,31MAR2019,201899,11. 30 - 34,80842,47034,61331,19511,18243,73347,22763,558670,427807,49812,147923,279381
31DEC2018,01APR2018,31MAR2019,201899,12. 35 - 39,71210,43723,48907,22303,20995,63731,21524,510219,384793,44103,133383,251037
31DEC2018,01APR2018,31MAR2019,201899,13. 40 - 44,58457,37466,34840,23617,22334,50923,19447,422024,313681,36127,111144,202407
31DEC2018,01APR2018,31MAR2019,201899,14. 45 - 49,72778,47811,40607,32171,30366,62346,23631,502204,377144,38712,129653,247394
31DEC2018,01APR2018,31MAR2019,201899,15. 50 - 54,90695,60974,49635,41060,38969,77077,27750,604117,461079,40385,151659,309289
31DEC2018,01APR2018,31MAR2019,201899,16. 55 - 59,111008,77961,54383,56625,53726,94847,28986,639231,496615,36375,157300,339235
31DEC2018,01APR2018,31MAR2019,201899,17. 60 - 64,107060,72411,58374,48686,46145,88263,29428,638247,505102,30579,153470,351537
31DEC2018,01APR2018,31MAR2019,201899,18. 65 - 69,121360,81539,67714,53646,50917,98369,32900,679790,547851,25300,160301,387439
31DEC2018,01APR2018,31MAR2019,201899,19. 70 - 74,152091,98215,89109,62982,59750,119934,43048,778601,630547,25900,180015,450431
31DEC2018,01APR2018,31MAR2019,201899,20. 75 - 79,138739,82468,89198,49541,46861,103646,42914,642862,518182,23313,145225,372868
31DEC2018,01APR2018,31MAR2019,201899,21. 80 - 84,130273,67811,94517,35756,33737,90427,46629,524825,418200,21287,116908,301217
31DEC2018,01APR2018,31MAR2019,201899,22. 85 - 89,99111,43490,81335,17776,16696,63127,40856,323521,252778,15156,70054,182683
31DEC2018,01APR2018,31MAR2019,201899,23. 90+,67566,23560,61430,6136,5734,39408,31137,156376,120926,8057,33188,87713
31DEC2018,01APR2018,31MAR2019,201899,24. unknown,13119,8378,9332,3787,3569,10721,3396,9840,8239,826,2412,5827
30NOV2018,01APR2018,31MAR2019,201899,01. 0 - 4,142731,28045,131341,11390,9416,132695,64721,373083,286694,31096,123212,163473
30NOV2018,01APR2018,31MAR2019,201899,02. 5 - 9,26997,15388,15179,11818,10643,25895,11302,310067,235107,26510,71567,163528
30NOV2018,01APR2018,31MAR2019,201899,03. 10 - 14,24828,14444,14637,10191,9218,23772,10848,314321,242630,24146,75401,167221
30NOV2018,01APR2018,31MAR2019,201899,04. 15,6148,3304,3901,2247,2058,5827,2920,77327,58444,6032,16503,41939
30NOV2018,01APR2018,31MAR2019,201899,05. 16,6414,3451,4121,2293,2085,5860,2735,69612,51984,6167,14563,37421
30NOV2018,01APR2018,31MAR2019,201899,06. 17,6957,3596,4695,2262,2072,6275,2982,67522,50798,6377,14753,36033
30NOV2018,01APR2018,31MAR2019,201899,07. 18,8316,3982,6182,2134,1989,7273,3706,60883,44907,6799,14804,30100
30NOV2018,01APR2018,31MAR2019,201899,08. 19,9689,4664,7306,2383,2212,8572,4075,64130,47734,7279,16404,31320
30NOV2018,01APR2018,31MAR2019,201899,09. 20 - 24,59800,31298,44690,15110,14135,53863,21174,398358,301310,43709,107267,193996
30NOV2018,01APR2018,31MAR2019,201899,10. 25 - 29,81514,46389,60542,20972,19691,74121,23462,576760,442788,55968,156430,286297
30NOV2018,01APR2018,31MAR2019,201899,11. 30 - 34,87978,52935,64140,23838,22437,79784,23690,671141,518500,58638,179613,338820
30NOV2018,01APR2018,31MAR2019,201899,12. 35 - 39,78611,49690,51590,27021,25444,70414,22307,624243,477522,53149,165482,311962
30NOV2018,01APR2018,31MAR2019,201899,13. 40 - 44,65909,43823,37011,28898,27362,57993,20300,525927,397978,43980,139302,258592
30NOV2018,01APR2018,31MAR2019,201899,14. 45 - 49,82157,56520,43079,39078,36975,71156,24294,630769,481777,47898,163076,318610
30NOV2018,01APR2018,31MAR2019,201899,15. 50 - 54,101361,70882,51941,49420,46802,87170,27887,753688,583857,49593,190096,393597
30NOV2018,01APR2018,31MAR2019,201899,16. 55 - 59,125553,92235,56694,68859,65347,108870,28653,797329,627983,45178,197294,430588
30NOV2018,01APR2018,31MAR2019,201899,17. 60 - 64,118132,83632,59847,58285,55245,99266,28748,790617,633963,37177,189750,444079
30NOV2018,01APR2018,31MAR2019,201899,18. 65 - 69,133597,93962,69238,64359,60974,110238,31570,844350,689131,31062,199626,489363
30NOV2018,01APR2018,31MAR2019,201899,19. 70 - 74,164219,111843,89315,74904,71115,132135,40606,967431,795575,31395,225583,569864
30NOV2018,01APR2018,31MAR2019,201899,20. 75 - 79,148466,93914,88710,59756,56460,113512,40609,797886,653537,28217,183048,470362
30NOV2018,01APR2018,31MAR2019,201899,21. 80 - 84,137122,76897,93637,43485,41073,97148,44119,650754,527412,25941,147990,379337
30NOV2018,01APR2018,31MAR2019,201899,22. 85 - 89,102081,48477,79906,22175,20878,66143,38861,400959,319498,18269,89472,229957
30NOV2018,01APR2018,31MAR2019,201899,23. 90+,66573,25186,59005,7568,7080,39084,29289,189832,148851,9628,41369,107467
30NOV2018,01APR2018,31MAR2019,201899,24. unknown,15010,10023,9679,5331,5033,12053,3476,12697,10791,937,3103,7688
31OCT2018,01APR2018,31MAR2019,201899,01. 0 - 4,135381,28541,123630,11751,9883,125928,55498,376301,286579,31671,122292,164282
31OCT2018,01APR2018,31MAR2019,201899,02. 5 - 9,28562,16305,16146,12416,11056,27396,12089,321604,241385,28308,74597,166780
31OCT2018,01APR2018,31MAR2019,201899,03. 10 - 14,24890,14765,14771,10119,9093,23640,10605,326062,248391,25757,79365,169011
31OCT2018,01APR2018,31MAR2019,201899,04. 15,6217,3561,3760,2457,2241,5906,2776,79980,61056,6300,17396,43658
31OCT2018,01APR2018,31MAR2019,201899,05. 16,6264,3501,3905,2359,2148,5688,2584,70326,51988,6507,14545,37440
31OCT2018,01APR2018,31MAR2019,201899,06. 17,7218,3741,4893,2325,2137,6471,3075,69591,51792,6832,15417,36351
31OCT2018,01APR2018,31MAR2019,201899,07. 18,8332,3997,6138,2194,2023,7286,3585,61689,44496,7140,14793,29687
31OCT2018,01APR2018,31MAR2019,201899,08. 19,9905,4662,7668,2237,2089,8716,4269,65449,48073,7648,16477,31577
31OCT2018,01APR2018,31MAR2019,201899,09. 20 - 24,61902,32313,46689,15213,14242,55546,21965,409292,307584,45693,108938,198446
31OCT2018,01APR2018,31MAR2019,201899,10. 25 - 29,83832,47323,62521,21311,20012,76143,24341,599379,458731,58939,161943,296495
31OCT2018,01APR2018,31MAR2019,201899,11. 30 - 34,91863,55023,67515,24348,22891,83213,24689,695137,535376,61294,184876,350190
31OCT2018,01APR2018,31MAR2019,201899,12. 35 - 39,80548,50551,53072,27476,25799,72023,23113,641614,487007,55612,168738,318084
31OCT2018,01APR2018,31MAR2019,201899,13. 40 - 44,67013,44146,37992,29021,27367,58859,21015,535708,402706,45444,141325,261267
31OCT2018,01APR2018,31MAR2019,201899,14. 45 - 49,84376,57441,44492,39884,37686,72789,25247,646212,490420,49856,166635,323704
31OCT2018,01APR2018,31MAR2019,201899,15. 50 - 54,102628,71560,52223,50405,47707,88237,28293,773786,596774,52185,194511,402077
31OCT2018,01APR2018,31MAR2019,201899,16. 55 - 59,127385,93010,57669,69716,66189,110115,29422,823511,644121,47825,202952,441062
31OCT2018,01APR2018,31MAR2019,201899,17. 60 - 64,119914,84691,61173,58741,55797,100577,29473,812652,648350,38869,195423,452803
31OCT2018,01APR2018,31MAR2019,201899,18. 65 - 69,136994,96246,70968,66026,62485,113176,32918,868711,705338,32688,205888,499314
31OCT2018,01APR2018,31MAR2019,201899,19. 70 - 74,168144,114479,90826,77318,73314,135297,41465,995782,814444,32833,232468,581825
31OCT2018,01APR2018,31MAR2019,201899,20. 75 - 79,151050,95477,90286,60764,57452,115417,41669,825762,674334,29425,190658,483577
31OCT2018,01APR2018,31MAR2019,201899,21. 80 - 84,140228,78965,95417,44811,42323,99870,45210,675586,547577,26790,154698,392800
31OCT2018,01APR2018,31MAR2019,201899,22. 85 - 89,105605,50132,82572,23033,21615,68355,39940,418846,333860,19054,94415,239381
31OCT2018,01APR2018,31MAR2019,201899,23. 90+,67725,25611,60022,7703,7183,39764,29849,198065,155710,10044,43592,112107
31OCT2018,01APR2018,31MAR2019,201899,24. unknown,15053,10023,9926,5127,4861,12100,3553,12947,10829,962,3108,7721
30SEP2018,01APR2018,31MAR2019,201899,01. 0 - 4,121006,25507,110852,10154,8541,112476,44518,334086,251327,28947,105782,145537
30SEP2018,01APR2018,31MAR2019,201899,02. 5 - 9,26861,14733,16326,10535,9404,25733,12376,286566,213161,25481,67129,146009
30SEP2018,01APR2018,31MAR2019,201899,03. 10 - 14,22999,13103,14458,8541,7653,21847,10768,274575,205047,22874,65603,139431
30SEP2018,01APR2018,31MAR2019,201899,04. 15,5881,3111,3879,2002,1803,5576,2903,66396,50443,5258,14516,35927
30SEP2018,01APR2018,31MAR2019,201899,05. 16,5426,2928,3533,1893,1713,4935,2362,58527,41321,6176,11437,29874
30SEP2018,01APR2018,31MAR2019,201899,06. 17,6360,3254,4503,1857,1693,5677,2794,59695,43565,6327,12922,30634
30SEP2018,01APR2018,31MAR2019,201899,07. 18,7661,3816,5565,2096,1927,6781,3224,55920,40465,6580,12957,27497
30SEP2018,01APR2018,31MAR2019,201899,08. 19,9088,4392,6937,2151,1988,8065,3723,58698,43024,6856,14334,28673
30SEP2018,01APR2018,31MAR2019,201899,09. 20 - 24,57276,30035,43472,13804,12987,51657,20076,357911,266088,40842,93567,172417
30SEP2018,01APR2018,31MAR2019,201899,10. 25 - 29,78779,44237,60424,18355,17246,71804,22944,523772,397925,52468,138734,258999
30SEP2018,01APR2018,31MAR2019,201899,11. 30 - 34,85416,50722,64558,20858,19584,77665,23190,611666,468557,54513,161385,306972
30SEP2018,01APR2018,31MAR2019,201899,12. 35 - 39,74581,46506,50578,24003,22609,66819,21966,563530,425606,49809,146537,278951
30SEP2018,01APR2018,31MAR2019,201899,13. 40 - 44,62329,40685,36368,25961,24506,54773,20204,470919,351776,40978,122613,229072
30SEP2018,01APR2018,31MAR2019,201899,14. 45 - 49,76985,51957,41846,35139,33273,66491,23911,569069,428911,44819,145736,283094
30SEP2018,01APR2018,31MAR2019,201899,15. 50 - 54,93193,64312,49314,43879,41586,80008,27070,674390,514701,46560,168515,346077
30SEP2018,01APR2018,31MAR2019,201899,16. 55 - 59,113693,82306,53250,60443,57380,98530,27986,712045,552409,41962,173399,378879
30SEP2018,01APR2018,31MAR2019,201899,17. 60 - 64,106762,74795,55542,51220,48551,89535,27262,702486,555012,34188,166345,388563
30SEP2018,01APR2018,31MAR2019,201899,18. 65 - 69,121383,84607,64312,57071,54115,100273,30395,749175,602142,29085,175126,426881
30SEP2018,01APR2018,31MAR2019,201899,19. 70 - 74,148205,100538,81958,66247,62924,119292,37966,861781,699292,28996,200534,498598
30SEP2018,01APR2018,31MAR2019,201899,20. 75 - 79,134160,84415,81431,52729,49953,102845,38228,715936,580582,25862,163428,417035
30SEP2018,01APR2018,31MAR2019,201899,21. 80 - 84,125012,69826,85934,39078,36834,89295,41401,586535,473436,23483,134231,339135
30SEP2018,01APR2018,31MAR2019,201899,22. 85 - 89,93984,44871,73857,20127,18844,61282,36339,366617,291226,16883,82144,209027
30SEP2018,01APR2018,31MAR2019,201899,23. 90+,60083,22620,53394,6689,6235,35674,26995,172917,135216,8736,37410,97779
30SEP2018,01APR2018,31MAR2019,201899,24. unknown,13044,8642,8573,4471,4267,10575,3400,11100,9267,888,2761,6506
31AUG2018,01APR2018,31MAR2019,201899,01. 0 - 4,112408,27760,101142,11266,9579,104203,34716,331081,248553,29287,105441,143111
31AUG2018,01APR2018,31MAR2019,201899,02. 5 - 9,25042,16036,13637,11405,10213,24079,9874,275601,195820,29270,64559,131258
31AUG2018,01APR2018,31MAR2019,201899,03. 10 - 14,21137,13398,11956,9181,8293,20178,8250,263496,188655,25564,56576,132078
31AUG2018,01APR2018,31MAR2019,201899,04. 15,5231,3110,3077,2154,1955,4956,2129,64056,46238,6166,12089,34149
31AUG2018,01APR2018,31MAR2019,201899,05. 16,5969,3474,3603,2366,2134,5509,2294,61134,43702,6483,11356,32340
31AUG2018,01APR2018,31MAR2019,201899,06. 17,6585,3484,4492,2093,1924,5914,2687,59959,43132,6505,12374,30756
31AUG2018,01APR2018,31MAR2019,201899,07. 18,8122,4085,5765,2357,2170,7187,3264,59210,43338,6710,13546,29789
31AUG2018,01APR2018,31MAR2019,201899,08. 19,9606,4772,7231,2375,2208,8625,3992,62386,46235,7087,14894,31338
31AUG2018,01APR2018,31MAR2019,201899,09. 20 - 24,61365,31720,46984,14381,13522,55106,21802,377929,284112,41888,98461,185618
31AUG2018,01APR2018,31MAR2019,201899,10. 25 - 29,83051,46441,63802,19249,18187,75298,24883,549599,421075,54081,146186,274811
31AUG2018,01APR2018,31MAR2019,201899,11. 30 - 34,87576,51853,65743,21833,20532,79542,24489,628572,483294,55692,163558,319663
31AUG2018,01APR2018,31MAR2019,201899,12. 35 - 39,75303,46494,51249,24054,22749,67149,22686,563844,423652,50540,144394,279195
31AUG2018,01APR2018,31MAR2019,201899,13. 40 - 44,60397,39068,35671,24726,23388,52796,19913,460414,338580,41609,117075,221422
31AUG2018,01APR2018,31MAR2019,201899,14. 45 - 49,78019,52146,42932,35087,33291,67222,24995,561130,418707,45003,141133,277467
31AUG2018,01APR2018,31MAR2019,201899,15. 50 - 54,96789,66293,51568,45221,42941,82623,28713,677479,518237,46026,168882,349247
31AUG2018,01APR2018,31MAR2019,201899,16. 55 - 59,118583,85234,56018,62565,59432,102367,29696,723079,564444,41978,177859,386451
31AUG2018,01APR2018,31MAR2019,201899,17. 60 - 64,112889,78908,58836,54053,51244,94444,29305,719001,573998,33672,172749,401139
31AUG2018,01APR2018,31MAR2019,201899,18. 65 - 69,129664,89771,69106,60558,57516,106788,33266,772920,628687,27994,183854,444708
31AUG2018,01APR2018,31MAR2019,201899,19. 70 - 74,158146,106589,87697,70449,66931,126975,41332,881100,721626,28491,206259,515209
31AUG2018,01APR2018,31MAR2019,201899,20. 75 - 79,143783,90469,87404,56379,53487,109910,41178,735481,601421,25765,169224,432084
31AUG2018,01APR2018,31MAR2019,201899,21. 80 - 84,132267,73771,90995,41272,39029,94384,44103,601707,488429,23116,137875,350491
31AUG2018,01APR2018,31MAR2019,201899,22. 85 - 89,98284,46844,76800,21484,20112,64478,38029,377165,302621,16571,85357,217230
31AUG2018,01APR2018,31MAR2019,201899,23. 90+,63388,23996,56197,7191,6747,37718,28355,178328,141290,8551,39350,101929
31AUG2018,01APR2018,31MAR2019,201899,24. unknown,13809,9249,9186,4623,4349,11262,3318,11232,9427,889,2680,6747
31JUL2018,01APR2018,31MAR2019,201899,01. 0 - 4,117778,28375,106239,11539,9785,109302,39100,358762,270629,31682,116024,154601
31JUL2018,01APR2018,31MAR2019,201899,02. 5 - 9,28578,16613,17054,11524,10318,27389,13064,309482,227673,29445,76927,150710
31JUL2018,01APR2018,31MAR2019,201899,03. 10 - 14,24378,14409,15032,9346,8469,23219,11045,303956,224456,26901,72023,152426
31JUL2018,01APR2018,31MAR2019,201899,04. 15,5706,3246,3608,2098,1918,5436,2561,71763,52616,6543,14864,37751
31JUL2018,01APR2018,31MAR2019,201899,05. 16,6062,3630,3600,2462,2253,5610,2254,65843,46593,7066,12197,34394
31JUL2018,01APR2018,31MAR2019,201899,06. 17,6952,3576,4764,2188,1991,6241,2904,63859,46492,6813,13420,33067
31JUL2018,01APR2018,31MAR2019,201899,07. 18,8532,4271,6232,2300,2109,7554,3463,61349,44538,7300,14192,30340
31JUL2018,01APR2018,31MAR2019,201899,08. 19,9874,4746,7632,2242,2080,8729,4016,63421,46912,7383,15543,31355
31JUL2018,01APR2018,31MAR2019,201899,09. 20 - 24,61599,31832,46774,14825,13868,55534,21976,389715,292038,44225,101678,190242
31JUL2018,01APR2018,31MAR2019,201899,10. 25 - 29,84663,47168,64588,20075,18837,77070,25153,568505,434320,57136,151555,282634
31JUL2018,01APR2018,31MAR2019,201899,11. 30 - 34,89305,53106,66455,22850,21511,81297,24514,652900,502252,58951,171355,330736
31JUL2018,01APR2018,31MAR2019,201899,12. 35 - 39,77520,48220,52352,25168,23684,69265,23060,594174,449447,53314,153755,295566
31JUL2018,01APR2018,31MAR2019,201899,13. 40 - 44,63869,41382,37526,26343,24962,55687,20918,495651,370089,43765,128247,241692
31JUL2018,01APR2018,31MAR2019,201899,14. 45 - 49,81074,54419,44071,37003,35048,69922,25487,601370,454734,47584,153696,300869
31JUL2018,01APR2018,31MAR2019,201899,15. 50 - 54,98323,67586,51794,46529,44126,84042,28546,715413,548913,49598,178384,370351
31JUL2018,01APR2018,31MAR2019,201899,16. 55 - 59,121599,88008,56684,64915,61719,105096,29631,752541,588896,43976,184778,403919
31JUL2018,01APR2018,31MAR2019,201899,17. 60 - 64,114667,80912,58869,55798,52986,96499,29085,748277,597668,36260,179615,417868
31JUL2018,01APR2018,31MAR2019,201899,18. 65 - 69,133096,92487,70413,62683,59492,109686,33378,807299,656920,30396,190666,466050
31JUL2018,01APR2018,31MAR2019,201899,19. 70 - 74,160724,108912,87971,72753,69137,129258,40877,911226,746581,30273,213978,532372
31JUL2018,01APR2018,31MAR2019,201899,20. 75 - 79,145406,91721,87915,57491,54515,111357,41205,760173,621490,27548,176826,444487
31JUL2018,01APR2018,31MAR2019,201899,21. 80 - 84,134367,74642,92238,42129,39793,95711,44251,618178,501168,24902,141546,359545
31JUL2018,01APR2018,31MAR2019,201899,22. 85 - 89,98813,46717,77457,21356,20082,64711,38254,386814,309493,17729,87197,222242
31JUL2018,01APR2018,31MAR2019,201899,23. 90+,62647,23729,55450,7197,6713,37352,27928,180644,142179,9380,39730,102438
31JUL2018,01APR2018,31MAR2019,201899,24. unknown,13965,9324,9180,4785,4499,11320,3294,11728,9797,935,2770,7027
30JUN2018,01APR2018,31MAR2019,201899,01. 0 - 4,115225,27840,103986,11239,9584,106950,38493,354693,269240,30341,115973,153267
30JUN2018,01APR2018,31MAR2019,201899,02. 5 - 9,28684,16554,17182,11502,10329,27475,13125,307199,231381,26900,77714,153667
30JUN2018,01APR2018,31MAR2019,201899,03. 10 - 14,25562,14563,16084,9478,8552,24261,11993,299169,226959,24554,73499,153458
30JUN2018,01APR2018,31MAR2019,201899,04. 15,5798,3026,3811,1987,1824,5499,2877,67754,49596,5972,13925,35671
30JUN2018,01APR2018,31MAR2019,201899,05. 16,5230,2852,3448,1782,1634,4758,2280,62353,42894,6697,11628,31264
30JUN2018,01APR2018,31MAR2019,201899,06. 17,6491,3340,4544,1947,1800,5793,2822,61535,45062,6421,13230,31823
30JUN2018,01APR2018,31MAR2019,201899,07. 18,7922,3972,5769,2153,2015,7053,3370,58860,42458,7017,13790,28662
30JUN2018,01APR2018,31MAR2019,201899,08. 19,9069,4494,6832,2237,2062,8091,3671,62106,45929,7241,15138,30782
30JUN2018,01APR2018,31MAR2019,201899,09. 20 - 24,59930,31178,45355,14575,13661,53914,21085,380508,285472,43098,99378,185969
30JUN2018,01APR2018,31MAR2019,201899,10. 25 - 29,81330,45812,61656,19674,18520,74283,23985,551908,421472,54715,146754,274616
30JUN2018,01APR2018,31MAR2019,201899,11. 30 - 34,86963,52318,64692,22271,21029,79089,23763,636150,489247,56405,167923,321180
30JUN2018,01APR2018,31MAR2019,201899,12. 35 - 39,76531,48230,51186,25345,23948,68555,22441,586621,445953,50730,152961,292831
30JUN2018,01APR2018,31MAR2019,201899,13. 40 - 44,63500,41964,36539,26961,25582,55732,20191,492003,370437,42022,129343,240952
30JUN2018,01APR2018,31MAR2019,201899,14. 45 - 49,80144,54744,42920,37224,35425,69406,24590,597972,454448,46128,153390,300909
30JUN2018,01APR2018,31MAR2019,201899,15. 50 - 54,96656,67543,50219,46437,44176,83241,27445,703348,541912,48044,176301,365441
30JUN2018,01APR2018,31MAR2019,201899,16. 55 - 59,117542,86246,54110,63432,60315,101966,27904,736319,577053,42368,180136,396706
30JUN2018,01APR2018,31MAR2019,201899,17. 60 - 64,112168,79214,58112,54056,51243,94220,28267,730702,582708,34611,175173,407350
30JUN2018,01APR2018,31MAR2019,201899,18. 65 - 69,128252,89833,67515,60737,57542,106005,31577,785751,637646,29358,186019,451441
30JUN2018,01APR2018,31MAR2019,201899,19. 70 - 74,155821,105933,86053,69768,66226,125403,39697,888375,726249,29742,208064,517929
30JUN2018,01APR2018,31MAR2019,201899,20. 75 - 79,140968,89192,85366,55602,52726,108035,39926,737890,602438,26411,170792,431508
30JUN2018,01APR2018,31MAR2019,201899,21. 80 - 84,129931,73282,88915,41016,38774,93004,42555,602614,488326,24156,138215,350013
30JUN2018,01APR2018,31MAR2019,201899,22. 85 - 89,96852,46473,75982,20870,19627,63343,37194,376885,301319,17027,85152,216115
30JUN2018,01APR2018,31MAR2019,201899,23. 90+,61152,23177,54183,6969,6521,36107,27016,177007,139185,9208,38485,100684
30JUN2018,01APR2018,31MAR2019,201899,24. unknown,13054,8987,8342,4712,4471,10682,3010,12836,10899,906,3180,7719
31MAY2018,01APR2018,31MAR2019,201899,01. 0 - 4,122420,28093,110949,11471,9675,113742,43889,369317,283213,31316,120861,162352
31MAY2018,01APR2018,31MAR2019,201899,02. 5 - 9,30190,16965,18221,11969,10737,28913,14087,310099,235555,26937,77904,157650
31MAY2018,01APR2018,31MAR2019,201899,03. 10 - 14,25624,14646,16052,9572,8643,24386,12092,305522,232959,24740,75272,157677
31MAY2018,01APR2018,31MAR2019,201899,04. 15,5698,2961,3778,1920,1754,5391,2835,69064,51584,5960,14722,36862
31MAY2018,01APR2018,31MAR2019,201899,05. 16,5436,2720,3747,1689,1546,4975,2619,62924,43836,6607,12339,31495
31MAY2018,01APR2018,31MAR2019,201899,06. 17,6609,3410,4580,2029,1866,5946,2865,63376,47190,6390,13836,33344
31MAY2018,01APR2018,31MAR2019,201899,07. 18,8011,3954,5857,2154,2008,7113,3434,60473,45164,6678,14791,30366
31MAY2018,01APR2018,31MAR2019,201899,08. 19,9473,4557,7199,2274,2114,8493,3868,62079,46317,7144,15601,30712
31MAY2018,01APR2018,31MAR2019,201899,09. 20 - 24,60021,31843,44887,15134,14209,54320,20947,389498,294974,43366,103545,191345
31MAY2018,01APR2018,31MAR2019,201899,10. 25 - 29,82394,46712,62434,19960,18752,75332,24096,571103,440338,55934,153275,286965
31MAY2018,01APR2018,31MAR2019,201899,11. 30 - 34,87858,52788,65105,22753,21416,80130,23564,655740,507918,57657,172882,334884
31MAY2018,01APR2018,31MAR2019,201899,12. 35 - 39,77177,48957,51438,25739,24366,69474,22074,603107,461658,51696,157872,303643
31MAY2018,01APR2018,31MAR2019,201899,13. 40 - 44,64552,42781,37079,27473,26051,56969,20616,504068,381657,43150,132552,248959
31MAY2018,01APR2018,31MAR2019,201899,14. 45 - 49,82061,56264,43865,38196,36282,71282,25323,614930,470675,47414,158809,311690
31MAY2018,01APR2018,31MAR2019,201899,15. 50 - 54,99077,69295,51349,47728,45410,85495,28363,725722,564285,48939,183243,380853
31MAY2018,01APR2018,31MAR2019,201899,16. 55 - 59,120264,88228,55589,64675,61814,104335,28884,757922,597701,43462,187374,410127
31MAY2018,01APR2018,31MAR2019,201899,17. 60 - 64,115057,81577,59398,55659,52856,96900,29369,754122,605313,35963,181486,423603
31MAY2018,01APR2018,31MAR2019,201899,18. 65 - 69,132206,92648,69496,62710,59487,109485,32902,814024,664187,30606,192457,471537
31MAY2018,01APR2018,31MAR2019,201899,19. 70 - 74,160262,108750,88270,71992,68276,129349,41117,914348,751175,30715,213227,537707
31MAY2018,01APR2018,31MAR2019,201899,20. 75 - 79,144460,90896,87985,56475,53533,110649,41570,757634,620680,27672,173481,447071
31MAY2018,01APR2018,31MAR2019,201899,21. 80 - 84,133699,74944,92043,41656,39485,95742,44567,617913,502188,24841,140479,361589
31MAY2018,01APR2018,31MAR2019,201899,22. 85 - 89,100010,47835,78953,21057,19765,65263,39047,386689,310318,17816,86512,223748
31MAY2018,01APR2018,31MAR2019,201899,23. 90+,64055,24487,56749,7306,6811,38332,28861,181448,142700,9411,39719,102964
31MAY2018,01APR2018,31MAR2019,201899,24. unknown,13493,9213,8624,4869,4633,11027,3060,13424,11453,958,3316,8137
30APR2018,01APR2018,31MAR2019,201899,01. 0 - 4,115950,26278,105426,10524,8890,107671,42435,339138,259766,28052,111248,148518
30APR2018,01APR2018,31MAR2019,201899,02. 5 - 9,26294,14798,15509,10785,9713,25162,11826,278512,208622,24903,68153,140468
30APR2018,01APR2018,31MAR2019,201899,03. 10 - 14,22995,13439,13984,9011,8223,21887,10311,271197,205565,22173,63314,142247
30APR2018,01APR2018,31MAR2019,201899,04. 15,5382,3002,3427,1955,1809,5136,2532,65207,49274,5459,13379,35894
30APR2018,01APR2018,31MAR2019,201899,05. 16,5595,3071,3609,1986,1808,5112,2380,63151,46966,5951,12857,34106
30APR2018,01APR2018,31MAR2019,201899,06. 17,6295,3326,4295,2000,1823,5666,2626,60128,45368,5878,13051,32314
30APR2018,01APR2018,31MAR2019,201899,07. 18,7581,3798,5513,2068,1917,6779,3233,58033,43248,6302,13842,29392
30APR2018,01APR2018,31MAR2019,201899,08. 19,8811,4296,6706,2105,1966,7871,3527,60116,44648,6874,14662,29983
30APR2018,01APR2018,31MAR2019,201899,09. 20 - 24,56736,29918,42826,13910,13047,51522,19762,369473,279976,40107,97960,181962
30APR2018,01APR2018,31MAR2019,201899,10. 25 - 29,76719,43282,58193,18526,17471,70147,22571,535436,412764,51599,143583,269119
30APR2018,01APR2018,31MAR2019,201899,11. 30 - 34,82145,49273,60754,21391,20187,75282,22230,611589,474072,52879,162565,311420
30APR2018,01APR2018,31MAR2019,201899,12. 35 - 39,72309,45392,48288,24021,22658,65088,21087,563090,429915,47806,146763,283095
30APR2018,01APR2018,31MAR2019,201899,13. 40 - 44,60652,40140,34639,26013,24677,53496,19339,472454,356367,40002,123130,233125
30APR2018,01APR2018,31MAR2019,201899,14. 45 - 49,76313,52447,40376,35937,34174,66377,23325,575424,439883,43210,147386,292373
30APR2018,01APR2018,31MAR2019,201899,15. 50 - 54,92180,64267,47643,44537,42300,79576,26524,682979,529741,44839,170097,359488
30APR2018,01APR2018,31MAR2019,201899,16. 55 - 59,113383,82773,52377,61006,58274,98142,27417,711419,561186,40029,173292,387748
30APR2018,01APR2018,31MAR2019,201899,17. 60 - 64,108041,75815,56103,51938,49334,90586,27805,708578,568865,32853,168837,399839
30APR2018,01APR2018,31MAR2019,201899,18. 65 - 69,125255,86411,66574,58681,55771,102806,31896,762509,621066,28211,177858,443054
30APR2018,01APR2018,31MAR2019,201899,19. 70 - 74,150641,100735,83849,66792,63352,120502,39382,852454,699186,27821,195648,503363
30APR2018,01APR2018,31MAR2019,201899,20. 75 - 79,136657,84204,84526,52131,49402,103458,40183,707951,580020,25340,159162,420742
30APR2018,01APR2018,31MAR2019,201899,21. 80 - 84,126409,69017,88452,37957,35884,89077,42777,576543,467771,23187,128175,339519
30APR2018,01APR2018,31MAR2019,201899,22. 85 - 89,96943,44481,77911,19032,17933,61510,37832,361567,288418,16600,79177,209193
30APR2018,01APR2018,31MAR2019,201899,23. 90+,62823,22928,56344,6479,6040,36451,27940,170316,133368,8912,36239,97121
30APR2018,01APR2018,31MAR2019,201899,24. unknown,13218,8927,8495,4723,4489,10739,3160,12081,10108,904,2913,6901
